uf,week,pred,lower_95,lower_90,lower_80,lower_50,upper_50,upper_80,upper_90,upper_95,date
AC,1,1,0,0,0,0,4,9,14.049999999999955,22,2022-10-09
AC,2,2,0,0,0,0,5,10.100000000000136,16,24,2022-10-16
AC,3,2,0,0,0,0,5,12,19,32,2022-10-23
AC,4,2,0,0,0,0,5,11,18,26,2022-10-30
AC,5,2,0,0,0,0,6,13,22,35.024999999999864,2022-11-06
AC,6,2,0,0,0,0,6,12,19,29,2022-11-13
AC,7,2,0,0,0,0,6,13,20,32,2022-11-20
AC,8,2,0,0,0,0,6,14,22.049999999999955,33,2022-11-27
AC,9,2,0,0,0,0,6,14,22,36.024999999999864,2022-12-04
AC,10,2,0,0,0,0,6,14,21,30.024999999999864,2022-12-11
AC,11,2,0,0,0,1,7,15,23,32.024999999999864,2022-12-18
AC,12,3,0,0,0,1,7,15,24,38.024999999999864,2022-12-25
AC,13,3,0,0,0,1,8,16.100000000000136,29,40.024999999999864,2023-01-01
AC,14,3,0,0,0,1,9,20,30.049999999999955,47,2023-01-08
AC,15,4,0,0,0,1,10,21,34,52.024999999999864,2023-01-15
AC,16,4,0,0,0,1,11,23.100000000000136,37,57.024999999999864,2023-01-22
AC,17,4,0,0,0,1,12,25,41,61.024999999999864,2023-01-29
AC,18,5,0,0,0,1,12,25.100000000000136,42,60,2023-02-05
AC,19,4,0,0,0,1,11,26,41,63.024999999999864,2023-02-12
AC,20,4,0,0,0,1,12,26,41,70.02499999999986,2023-02-19
AC,21,4,0,0,0,1,11,26,40,60.04999999999973,2023-02-26
AC,22,4,0,0,0,1,11,25,39,69,2023-03-05
AC,23,4,0,0,0,1,9,21,39,55.024999999999864,2023-03-12
AC,24,3,0,0,0,1,9,19,31,51,2023-03-19
AC,25,3,0,0,0,1,7,15,25,39,2023-03-26
AC,26,2,0,0,0,1,6,14,24,37,2023-04-02
AC,27,2,0,0,0,0,6,13,20,31.024999999999864,2023-04-09
AC,28,2,0,0,0,0,5,11,19,29,2023-04-16
AC,29,1,0,0,0,0,4,10,16,24,2023-04-23
AC,30,1,0,0,0,0,4,9,14,21,2023-04-30
AC,31,1,0,0,0,0,4,9,14,22,2023-05-07
AC,32,1,0,0,0,0,3,8,13,21,2023-05-14
AC,33,1,0,0,0,0,3,7,13,19.049999999999727,2023-05-21
AC,34,1,0,0,0,0,3,7,11,18,2023-05-28
AC,35,1,0,0,0,0,3,7,10,16,2023-06-04
AC,36,1,0,0,0,0,3,6,11,16.024999999999864,2023-06-11
AC,37,1,0,0,0,0,3,7,11,18,2023-06-18
AC,38,1,0,0,0,0,3,6,9,14,2023-06-25
AC,39,1,0,0,0,0,3,6,9,15,2023-07-02
AC,40,1,0,0,0,0,3,6,9,13,2023-07-09
AC,41,1,0,0,0,0,2,6,9,13.024999999999864,2023-07-16
AC,42,1,0,0,0,0,2,5,8,13,2023-07-23
AC,43,1,0,0,0,0,2,6,9,12,2023-07-30
AC,44,1,0,0,0,0,2,5,8,12,2023-08-06
AC,45,1,0,0,0,0,2,5,8,12,2023-08-13
AC,46,1,0,0,0,0,2,5,8,11,2023-08-20
AC,47,1,0,0,0,0,2,5,7,12,2023-08-27
AC,48,1,0,0,0,0,2,6,9,12,2023-09-03
AC,49,1,0,0,0,0,2,5,8,13,2023-09-10
AC,50,1,0,0,0,0,3,7,11,16,2023-09-17
AC,51,1,0,0,0,0,3,7,12,17,2023-09-24
AC,52,1,0,0,0,0,3,8,12,19,2023-10-01
AL,1,15,0,0,1,5,43,134.10000000000014,249.04999999999995,587.1249999999993,2022-10-09
AL,2,13,0,0,1,4,44,128,251.39999999999964,446,2022-10-16
AL,3,13,0,0,1,4,37,125,246.39999999999964,420.44999999999754,2022-10-23
AL,4,12,0,0,1,4,35,102.10000000000014,215.04999999999995,410.02499999999986,2022-10-30
AL,5,12,0,0,1,4,34,91.10000000000014,191.0999999999999,385.9749999999947,2022-11-06
AL,6,11,0,0,1,3,30,98,178.04999999999995,340.2249999999988,2022-11-13
AL,7,10,0,0,1,3,30,89,189.04999999999995,332.17499999999905,2022-11-20
AL,8,9,0,0,1,3,27,82.10000000000014,174.04999999999995,306.09999999999945,2022-11-27
AL,9,8,0,0,1,3,25,75,150,293.09999999999945,2022-12-04
AL,10,8,0,0,1,3,26,76,152.0999999999999,296.0749999999996,2022-12-11
AL,11,8,0,0,1,2,24,71,154.04999999999995,283,2022-12-18
AL,12,8,0,0,1,3,23.25,68,154.04999999999995,338.17499999999905,2022-12-25
AL,13,8,0,0,1,2,23,74,133,263,2023-01-01
AL,14,8,0,0,1,2,24,67,144.14999999999986,315.0499999999997,2023-01-08
AL,15,8,0,0,1,2,25,71.20000000000027,133.14999999999986,267.0499999999997,2023-01-15
AL,16,8,0,0,1,3,25,75,150.0999999999999,314.0749999999996,2023-01-22
AL,17,9,0,0,1,3,26,79.10000000000014,166.04999999999995,333.02499999999986,2023-01-29
AL,18,10,0,0,1,3,28,78,174,309.1249999999993,2023-02-05
AL,19,9,0,0,1,3,30,96,187.04999999999995,316.2749999999985,2023-02-12
AL,20,10,0,0,1,3,29,85,194,349.1249999999993,2023-02-19
AL,21,12,0,0,1,4,35,101.10000000000014,211.14999999999986,478.0499999999997,2023-02-26
AL,22,13,0,0,1,4,37,115.10000000000014,229.04999999999995,409.0749999999996,2023-03-05
AL,23,14,0,0,1,4,40,118,240,507.24999999999864,2023-03-12
AL,24,15,0,0,1,5,43,120,250.19999999999982,477.24999999999864,2023-03-19
AL,25,16,0,0,2,5,48,147.10000000000014,312.0999999999999,570.0499999999997,2023-03-26
AL,26,18,0,0.9500000000000028,2,6,55,173.10000000000014,398.2999999999997,787.1999999999989,2023-04-02
AL,27,20,0,1,2,6,66.25,188,436.14999999999986,811.1249999999993,2023-04-09
AL,28,24,0,1,2,7,72,203.10000000000014,434.04999999999995,834.8249999999955,2023-04-16
AL,29,25,1,1,3,9,78,248.10000000000014,500.14999999999986,997.549999999997,2023-04-23
AL,30,31,0,1,3,9,94,326.3000000000004,614.0999999999999,1089.8749999999952,2023-04-30
AL,31,34,1,2,3.9000000000000057,11,106,328.2000000000003,613.1999999999998,1007.2999999999984,2023-05-07
AL,32,38,1,2,4,12,117,363.3000000000004,657.5499999999995,1195.4749999999974,2023-05-14
AL,33,40.5,1,2,4,12,120,367.10000000000014,668.1999999999998,1340.6999999999962,2023-05-21
AL,34,45,1,2,5,14,121.25,368,778,1499.6749999999963,2023-05-28
AL,35,42,1,2,4,14,135,405.10000000000014,748.1499999999999,1439.3999999999978,2023-06-04
AL,36,45,1,2,4,14,143.25,419,891.5999999999995,1702.4999999999973,2023-06-11
AL,37,43,1,3,6,15,140,458.2000000000003,836,1575.2249999999988,2023-06-18
AL,38,42,1,2,4,14,139,390.10000000000014,779.099999999999,1416.2249999999879,2023-06-25
AL,39,44.5,1,2,4,14,137.25,400,748.1499999999999,1474.749999999996,2023-07-02
AL,40,43,1,2,4,14,132,396.2000000000003,848.05,1425.724999999996,2023-07-09
AL,41,42,1,2,5,13,127,375.6000000000008,746.05,1351.4249999999977,2023-07-16
AL,42,38,1,2,4,12,113,358.10000000000014,733,1308.199999999999,2023-07-23
AL,43,36,1,2,4,11,105,329.40000000000055,658.7999999999993,1616.0749999999996,2023-07-30
AL,44,35,1,1,3,11,102.25,321.2000000000003,541,1043.2999999999984,2023-08-06
AL,45,30,0.9750000000000014,1,3,9,84,278.2000000000003,542.0999999999999,1089.0749999999996,2023-08-13
AL,46,29,0,1,3,9,90,278.10000000000014,630.6499999999994,1312.0749999999996,2023-08-20
AL,47,25,0,1,3,8,76,221.10000000000014,455.04999999999995,810.1249999999993,2023-08-27
AL,48,24,0,1,2,8,68,205.10000000000014,404.14999999999986,779.1499999999992,2023-09-03
AL,49,20,0,1,2,7,61.25,194,422.0999999999999,833.3999999999978,2023-09-10
AL,50,19,0,1,2,6,54,168.20000000000027,304.9999999999991,653.1249999999993,2023-09-17
AL,51,18,0,1,2,5,57.25,169.10000000000014,355.2499999999998,636.1999999999989,2023-09-24
AL,52,17,0,1,2,5,52.25,161,340.04999999999995,608.174999999999,2023-10-01
AM,1,1,0,0,0,0,3,7,12,19,2022-10-09
AM,2,1,0,0,0,0,3,7,11,18,2022-10-16
AM,3,1,0,0,0,0,3,6.100000000000136,10,17,2022-10-23
AM,4,1,0,0,0,0,3,7,11,17.024999999999864,2022-10-30
AM,5,1,0,0,0,0,3,7,11.049999999999955,18,2022-11-06
AM,6,1,0,0,0,0,4,7,12,18.024999999999864,2022-11-13
AM,7,1,0,0,0,0,3.25,8,12,19,2022-11-20
AM,8,1,0,0,0,0,4,7,11.049999999999955,18,2022-11-27
AM,9,1,0,0,0,0,4,8,11,19.024999999999864,2022-12-04
AM,10,2,0,0,0,0,4,8,13,18.024999999999864,2022-12-11
AM,11,2,0,0,0,1,4,9,14.049999999999955,21.024999999999864,2022-12-18
AM,12,2,0,0,0,1,4,8,13,23,2022-12-25
AM,13,2,0,0,0,1,4,9,14,22,2023-01-01
AM,14,2,0,0,0,1,5,9,15,24.024999999999864,2023-01-08
AM,15,2,0,0,0,1,5,10,18.049999999999955,26.024999999999864,2023-01-15
AM,16,2,0,0,0,1,5,11,17,27,2023-01-22
AM,17,2,0,0,0,1,6,13,19,28,2023-01-29
AM,18,3,0,0,0,1,6,13,20,34,2023-02-05
AM,19,3,0,0,0,1,6,13,21.049999999999955,36,2023-02-12
AM,20,3,0,0,0,1,7,13,23,37,2023-02-19
AM,21,3,0,0,0,1,7,15,24,39.024999999999864,2023-02-26
AM,22,3,0,0,0,1,7,15,23,41.024999999999864,2023-03-05
AM,23,4,0,0,0,1,8,15,24,41.024999999999864,2023-03-12
AM,24,3,0,0,0,1,8,16.100000000000136,29,44.024999999999864,2023-03-19
AM,25,4,0,0,0,1,8,17,28,43,2023-03-26
AM,26,4,0,0,0,1,8,17,28,49.024999999999864,2023-04-02
AM,27,4,0,0,0,2,9,18,29.049999999999955,59.024999999999864,2023-04-09
AM,28,4,0,0,0,1,9,19,28.049999999999955,46,2023-04-16
AM,29,4,0,0,0,1,8,18,30,51.024999999999864,2023-04-23
AM,30,4,0,0,0,1,9,17,29.049999999999955,44,2023-04-30
AM,31,4,0,0,0,1,8,17,25,42.024999999999864,2023-05-07
AM,32,3,0,0,0,1,8,16,28,46,2023-05-14
AM,33,3,0,0,0,1,7,15,27,45.099999999999454,2023-05-21
AM,34,3,0,0,0,1,7,16,25,40.024999999999864,2023-05-28
AM,35,3,0,0,0,1,7,13,22,42,2023-06-04
AM,36,3,0,0,0,1,7,14,24,35,2023-06-11
AM,37,3,0,0,0,1,6,12,21.049999999999955,35,2023-06-18
AM,38,3,0,0,0,1,6,12,19,35,2023-06-25
AM,39,2,0,0,0,1,5,11,20.049999999999955,35.024999999999864,2023-07-02
AM,40,2,0,0,0,1,5,10,16,24.024999999999864,2023-07-09
AM,41,2,0,0,0,1,5,11,19,30,2023-07-16
AM,42,2,0,0,0,1,4,9.100000000000136,18,27,2023-07-23
AM,43,2,0,0,0,1,4,9,14.049999999999955,28,2023-07-30
AM,44,2,0,0,0,1,4,9,15,25,2023-08-06
AM,45,2,0,0,0,1,4,8,14.049999999999955,23.024999999999864,2023-08-13
AM,46,2,0,0,0,1,4,8,13,19,2023-08-20
AM,47,2,0,0,0,0,4,8,12,23,2023-08-27
AM,48,1.5,0,0,0,0,4,7,12,18,2023-09-03
AM,49,2,0,0,0,0,4,7,11,19.024999999999864,2023-09-10
AM,50,1,0,0,0,0,3,7,10,17,2023-09-17
AM,51,1,0,0,0,0,3,7,11,16,2023-09-24
AM,52,1,0,0,0,0,3,7,11,18,2023-10-01
AP,1,1,0,0,0,0,3,7,13.049999999999955,20,2022-10-09
AP,2,1,0,0,0,0,3,7,13,20,2022-10-16
AP,3,1,0,0,0,0,3,7,12,21,2022-10-23
AP,4,1,0,0,0,0,2,6,10,18.024999999999864,2022-10-30
AP,5,1,0,0,0,0,2,6,11.049999999999955,20,2022-11-06
AP,6,1,0,0,0,0,2,6,10,15.024999999999864,2022-11-13
AP,7,1,0,0,0,0,2,5,10,15.024999999999864,2022-11-20
AP,8,1,0,0,0,0,2,6,10,16,2022-11-27
AP,9,1,0,0,0,0,2,5,9,16,2022-12-04
AP,10,1,0,0,0,0,2,5,10,17,2022-12-11
AP,11,1,0,0,0,0,2,5,9,15.024999999999864,2022-12-18
AP,12,1,0,0,0,0,2,6,10,18,2022-12-25
AP,13,1,0,0,0,0,3,6.100000000000136,11,19,2023-01-01
AP,14,1,0,0,0,0,3,7,12,19,2023-01-08
AP,15,1,0,0,0,0,3,7,14,23,2023-01-15
AP,16,1,0,0,0,0,3,8,15,26.024999999999864,2023-01-22
AP,17,1,0,0,0,0,4,10,17,27.024999999999864,2023-01-29
AP,18,1,0,0,0,0,4,10,18,29.024999999999864,2023-02-05
AP,19,2,0,0,0,0,5,11,19,32.024999999999864,2023-02-12
AP,20,2,0,0,0,0,5,12.100000000000136,24,40.024999999999864,2023-02-19
AP,21,2,0,0,0,0,6,13.100000000000136,25.049999999999955,39,2023-02-26
AP,22,2,0,0,0,0,5,14,26,44.024999999999864,2023-03-05
AP,23,2,0,0,0,0,6,14,26,45.024999999999864,2023-03-12
AP,24,2,0,0,0,1,6,15,25,41.024999999999864,2023-03-19
AP,25,2,0,0,0,0,6,15,28,47,2023-03-26
AP,26,2,0,0,0,1,6,15,29,43.024999999999864,2023-04-02
AP,27,2,0,0,0,0,6,14,26.049999999999955,47.024999999999864,2023-04-09
AP,28,2,0,0,0,0,6,15,23,43,2023-04-16
AP,29,2,0,0,0,0,6,14,25,42.024999999999864,2023-04-23
AP,30,2,0,0,0,0,5,14,25,38.024999999999864,2023-04-30
AP,31,2,0,0,0,0,5,12,22.049999999999955,43,2023-05-07
AP,32,2,0,0,0,0,5,12,21,34,2023-05-14
AP,33,2,0,0,0,0,5,12,22,35,2023-05-21
AP,34,1,0,0,0,0,4,12,21,30,2023-05-28
AP,35,1,0,0,0,0,4,11,20,32,2023-06-04
AP,36,1,0,0,0,0,4,11,20,32.024999999999864,2023-06-11
AP,37,1,0,0,0,0,4,10,18,27.024999999999864,2023-06-18
AP,38,1,0,0,0,0,4,11,18,31,2023-06-25
AP,39,1,0,0,0,0,4,11,20,35.024999999999864,2023-07-02
AP,40,1,0,0,0,0,4,11,18,29,2023-07-09
AP,41,1,0,0,0,0,4,11,19,33.024999999999864,2023-07-16
AP,42,1,0,0,0,0,4,11.100000000000136,21,31.049999999999727,2023-07-23
AP,43,1,0,0,0,0,5,12,21,35,2023-07-30
AP,44,1,0,0,0,0,5,11,20,30,2023-08-06
AP,45,1,0,0,0,0,4,10,19.049999999999955,33,2023-08-13
AP,46,1,0,0,0,0,4,10,17,30.024999999999864,2023-08-20
AP,47,1,0,0,0,0,4,10,16,26.024999999999864,2023-08-27
AP,48,1,0,0,0,0,4,9,15.049999999999955,25,2023-09-03
AP,49,1,0,0,0,0,3,8,13.049999999999955,23,2023-09-10
AP,50,1,0,0,0,0,3,8,14,21,2023-09-17
AP,51,1,0,0,0,0,3,7.100000000000136,13,23,2023-09-24
AP,52,1,0,0,0,0,3,7,13,23.024999999999864,2023-10-01
BA,1,153,28.975,36,48,82.75,303,626.4000000000005,1072.05,1856.3999999999924,2022-10-09
BA,2,151,30,39,50,80,294,654.1000000000001,1168.099999999999,1908.724999999996,2022-10-16
BA,3,148.5,27,36.95,49,82,302,618.1000000000001,1055.3499999999997,1633.724999999996,2022-10-23
BA,4,153.5,30,39,51,84,297.25,615.2000000000003,1011.3999999999996,1828.3249999999928,2022-10-30
BA,5,156,28,35,48,81,299.25,609.5000000000007,1058.049999999999,1895.2749999999985,2022-11-06
BA,6,149.5,27,37,49.900000000000006,78.75,306,677.1000000000001,1169.3999999999996,1984.2499999999986,2022-11-13
BA,7,145,27,37,49,82,295.25,606.1000000000001,1057.1999999999998,1889.4999999999973,2022-11-20
BA,8,148.5,26,36,49,79,293,601.1000000000001,1074.4999999999995,2096.8749999999955,2022-11-27
BA,9,143,27,35.95,48,78,281.25,634,1051.05,1954.199999999999,2022-12-04
BA,10,138.5,27.975,34,47,78,277.25,620.1000000000001,1062.3999999999996,1980.2749999999876,2022-12-11
BA,11,148,28,37,51,81,296,596.4000000000005,1022.1999999999998,1735.6249999999966,2022-12-18
BA,12,155,31,41,54,86,308.25,648.6000000000008,1049.1499999999999,1865.3249999999982,2022-12-25
BA,13,178,35,45.95,61,98.75,345,732.1000000000001,1351.1,2153.05,2023-01-01
BA,14,197,37,50,70.9,113,400,819.4000000000005,1524.1499999999999,2464.299999999993,2023-01-08
BA,15,225,48.975,60,78,127,431.25,912.1000000000001,1830.4999999999986,2763.7749999999796,2023-01-15
BA,16,254,57,69,91,147,506.25,1087.3000000000004,1787.1999999999998,2858.174999999994,2023-01-22
BA,17,292.5,61,75,104,165,560,1212.1000000000001,2158.5999999999995,3984.2499999999986,2023-01-29
BA,18,339,65.975,84,113,183,659,1435.6000000000035,2842.449999999998,4762.799999999996,2023-02-05
BA,19,370.5,76,95,129.9,208,731.25,1567.400000000002,2867.6999999999985,5148.624999999991,2023-02-12
BA,20,414,86.97500000000001,108,143,226.75,837.5,1690.1000000000001,3041.499999999999,4897.049999999994,2023-02-19
BA,21,445,92.975,113,151,245.75,864,1955.5000000000007,3601.999999999999,5914.399999999981,2023-02-26
BA,22,458,95,120,162,266,923,2066.500000000001,3466.1,5220.999999999973,2023-03-05
BA,23,509,109.92500000000001,134,174,272,1018,2158.800000000001,3775,6704.424999999981,2023-03-12
BA,24,491,107,132.95,181.9,290.75,1021,2242.300000000002,3836.7999999999993,6729.6749999999965,2023-03-19
BA,25,508,110.97500000000001,138,183,288,1035.75,2215.600000000001,4018.849999999998,7103.424999999992,2023-03-26
BA,26,511.5,106,141,187,289,1023,2246.200000000003,3881.3499999999945,6722.524999999992,2023-04-02
BA,27,512.5,93,130,172,285,967.25,2319.4000000000005,3734.4499999999985,6273.974999999995,2023-04-09
BA,28,529.5,105.975,131.95,172.9,296.75,1051.25,2212.9000000000015,3499.15,7168.9749999999785,2023-04-16
BA,29,511,112.975,143,186,288,1019.5,2110.500000000001,3622.499999999998,6022.899999999984,2023-04-23
BA,30,517,111,144,196,309,1031,2092.4000000000005,3447.6499999999974,6174.399999999976,2023-04-30
BA,31,550,112.975,144.95,193,311,1062,2216.3,3736.05,6090.274999999999,2023-05-07
BA,32,531.5,114,142,182,299,1006,2108.2000000000016,3432.1,6398.274999999981,2023-05-14
BA,33,509,104.975,137,179.9,289.75,980,2104.2000000000003,3339.8999999999983,5779.549999999975,2023-05-21
BA,34,496,106.97500000000001,133,176.9,277,930.25,1859.4000000000005,3388.5499999999956,6814.84999999999,2023-05-28
BA,35,473.5,99,123,160,270.75,916,1944.1000000000001,3363.1000000000004,5116.099999999989,2023-06-04
BA,36,443.5,86.97500000000001,110,155,249.75,822.25,1822.6000000000008,3157.0999999999995,5122.924999999978,2023-06-11
BA,37,412,84.975,109,143,227,809,1699,2944.5999999999995,5159.249999999982,2023-06-18
BA,38,391.5,83.975,101,131,215,744,1657.1000000000001,2642.1,4597.324999999999,2023-06-25
BA,39,351,73.975,94.95,123,202,685.25,1423.9000000000012,2513.3499999999995,4467.1749999999665,2023-07-02
BA,40,338,66,87,115,183,675,1376.2000000000003,2463.299999999999,3761.5499999999915,2023-07-09
BA,41,311.5,61,76,103.9,172,614.5,1273.5000000000007,2088.8499999999995,3687.5249999999533,2023-07-16
BA,42,280,54,74,95.9,158.75,554.25,1177.5000000000048,2020.2999999999988,4193.024999999994,2023-07-23
BA,43,267,52,67,86,148,541.25,1103.4000000000005,1791.2499999999998,3063.0249999999996,2023-07-30
BA,44,239,49,62,83.9,137,482,1026.5000000000007,1624.9499999999982,2882.774999999996,2023-08-06
BA,45,226,43.975,55,74,124.75,447.25,981.4000000000005,1632.1999999999998,2976.1749999999993,2023-08-13
BA,46,203.5,35.975,52,69,114,432.25,924,1633.05,2920.274999999977,2023-08-20
BA,47,202,40,50,64,108,403,862.2000000000003,1334.6499999999985,2381.4749999999863,2023-08-27
BA,48,182.5,34,43,59,102,353.75,771.2000000000003,1437.4499999999996,2597.7999999999793,2023-09-03
BA,49,176,32,41,55,93,356,729.1000000000001,1391.05,2444.274999999993,2023-09-10
BA,50,164.5,28,37,51,87,323.25,666.4000000000005,1151.3499999999988,1881.0749999999996,2023-09-17
BA,51,155,27,37,50,86,305.25,703.3000000000004,1199.1999999999998,2082.0999999999995,2023-09-24
BA,52,157,29,37,49,82,303.25,674.1000000000001,1054.4999999999995,1805.6249999999966,2023-10-01
CE,1,52,5,8,11,24,128,344.10000000000014,697.3999999999996,1194.0249999999999,2022-10-09
CE,2,49,5,7,11,22,117.25,335,655.1999999999998,1247.174999999999,2022-10-16
CE,3,47.5,4,6.950000000000003,10,21,116,354,716.3999999999996,1361.0249999999944,2022-10-23
CE,4,45,4,6,9,19,109,326.5000000000007,772.4499999999996,1352.8499999999954,2022-10-30
CE,5,45,4,7,10,20,118,334.10000000000014,653.2999999999997,1426.549999999997,2022-11-06
CE,6,39,3,6,9,18,105,357.70000000000095,702.0999999999999,1128.4749999999974,2022-11-13
CE,7,40,4,6,9,17,111,324.8000000000011,651.2499999999998,1108.1249999999993,2022-11-20
CE,8,37,3,4.950000000000003,7,16,103,290.10000000000014,603.05,1018.6749999999963,2022-11-27
CE,9,37,2,4,7,16,104,288.10000000000014,613.0999999999999,1123.3249999999982,2022-12-04
CE,10,35,3,4.950000000000003,7,15,96,254,512,896.2749999999985,2022-12-11
CE,11,37,3,5,8,16,91,242,513.2499999999998,1043.3249999999928,2022-12-18
CE,12,37,3,5,8,17,95,261.10000000000014,486.04999999999995,858.3249999999928,2022-12-25
CE,13,39,3,5,8,17,97,275,557.05,1067.2249999999988,2023-01-01
CE,14,47,4,6,10,20,122,323.2000000000003,628.2999999999997,1066.6499999999965,2023-01-08
CE,15,54,4,7.950000000000003,12,25,145.25,394,711.05,1569.0749999999996,2023-01-15
CE,16,67,6,10,15,30,165.25,419.2000000000003,859.05,1636.2749999999821,2023-01-22
CE,17,76,8,11,18,35,193,540.2000000000003,1152.2999999999988,1987.1749999999936,2023-01-29
CE,18,91,9,14,22,42,239,636,1280.05,2468.4499999999866,2023-02-05
CE,19,115,12.975000000000001,19,26,52,290,819.3000000000004,1656.8999999999992,3105.2999999999874,2023-02-12
CE,20,144,14,22,32,65,369,970.6000000000022,1949.8499999999992,3587.674999999996,2023-02-19
CE,21,177,16,23,36,78,458.25,1207.6000000000008,2388.899999999999,3825.5749999999857,2023-02-26
CE,22,219.5,22,31.950000000000003,49,99,519.25,1376,2820.1,5217.15,2023-03-05
CE,23,249.5,27.975,39,57,116,657,1836.4000000000005,3933.399999999998,6555.949999999994,2023-03-12
CE,24,291,29.975,43,67.9,126.75,721.25,1979.4000000000005,3883.1499999999987,7179,2023-03-19
CE,25,348,39,55.95,81,151,888.25,2325.1000000000013,4173.2999999999975,8233.499999999964,2023-03-26
CE,26,406.5,48,64.95,93,184,971.75,2546,5073.499999999997,10502.574999999959,2023-04-02
CE,27,447,53,74,108,206.75,1150.5,2944.7000000000025,5715.2999999999975,11015.524999999985,2023-04-09
CE,28,531,57.975,85,119.9,229,1293,3424.3,5968.849999999997,10913.499999999998,2023-04-16
CE,29,561,64,91.95,137.9,260,1416,3417.3,6548.199999999997,13520.849999999984,2023-04-23
CE,30,629,75.95,102.95,144.9,287,1566.25,4342.100000000004,8320.349999999995,13276.374999999993,2023-04-30
CE,31,625.5,74,101.95,156.9,286.75,1504.25,4338.100000000003,7662.6,14695.27499999985,2023-05-07
CE,32,623,76.94999999999999,105,155,286.75,1508.5,3893.3,7951.649999999998,13790.124999999998,2023-05-14
CE,33,620.5,64,95,144,272,1521,3643.6000000000013,6634.899999999996,12189.449999999964,2023-05-21
CE,34,556,62.95,93,131,254,1323,3490.4000000000005,6150.549999999998,11197.69999999998,2023-05-28
CE,35,497,57,79,119,232,1234,3058.7000000000007,5892.649999999995,10962.199999999933,2023-06-04
CE,36,442,56,74,105,206,1068.5,2814.3,5184.5999999999995,9787.074999999977,2023-06-11
CE,37,383,43.975,62,93,182,945.25,2715.6000000000013,5066.449999999999,8631.899999999983,2023-06-18
CE,38,336,42.95,57.95,85,155,766.5,2090.7000000000035,3977.4999999999986,7320.274999999982,2023-06-25
CE,39,290.5,34,44,68,139,703,1957.1000000000001,3373.0499999999997,6325.424999999943,2023-07-02
CE,40,255,29,42,58,112.75,607.25,1538.1000000000001,2806.3999999999996,5286.949999999994,2023-07-09
CE,41,230,23,34,54,104,519.25,1266.3000000000004,2381.2,4423.399999999998,2023-07-16
CE,42,189.5,21,30.950000000000003,46,90,433.25,1178.700000000001,2203.299999999999,4091.0749999999994,2023-07-23
CE,43,168,21,30,42,79,400.25,1031.2000000000003,2199.3999999999996,4078.2249999999935,2023-07-30
CE,44,140,18,24,34,66,363,892.8000000000011,1540.1,2643.5249999999805,2023-08-06
CE,45,125,12,18,32,58,310.25,781.3000000000004,1624.1499999999999,2758.9249999999947,2023-08-13
CE,46,109,12,17,26,48,261.25,727.1000000000001,1691.8999999999992,2902.149999999999,2023-08-20
CE,47,95,11,15.950000000000003,22,42,231,582.5000000000007,1075.1999999999998,2229.8249999999957,2023-08-27
CE,48,83,8.975000000000001,12,20,39,205,555.3000000000004,992.099999999999,1984.0749999999996,2023-09-03
CE,49,73,7,10,16,34,175.25,481,935,1667.6999999999962,2023-09-10
CE,50,66,7,9,14,30,169,440.6000000000008,823.1999999999998,1497.7249999999906,2023-09-17
CE,51,60,6,8,13,26,142,381.10000000000014,758.1499999999999,1436.4999999999973,2023-09-24
CE,52,55,5,8,13,26,141,408.5000000000007,659.7999999999993,1149.349999999998,2023-10-01
DF,1,1,0,0,0,0,3,7,11,17.024999999999864,2022-10-09
DF,2,1,0,0,0,0,3,7,10,15,2022-10-16
DF,3,1,0,0,0,0,3,7,10,15,2022-10-23
DF,4,1,0,0,0,0,3,7,10,14,2022-10-30
DF,5,1,0,0,0,0,3,7,10,13.024999999999864,2022-11-06
DF,6,2,0,0,0,0,4,7,11,16,2022-11-13
DF,7,2,0,0,0,0,4,7,11,15,2022-11-20
DF,8,2,0,0,0,0,4,8,12,17,2022-11-27
DF,9,2,0,0,0,0,4,9,12,18,2022-12-04
DF,10,2,0,0,0,0,4,8,13,22,2022-12-11
DF,11,2,0,0,0,1,5,10,13.049999999999955,20,2022-12-18
DF,12,2,0,0,0,1,5,10,16,24,2022-12-25
DF,13,2,0,0,0,1,6,13,20,28,2023-01-01
DF,14,3,0,0,0,1,7,13,20,29,2023-01-08
DF,15,3,0,0,0,1,7,15,22,35.024999999999864,2023-01-15
DF,16,4,0,0,0,1,8,17,25.049999999999955,40,2023-01-22
DF,17,4,0,0,0,2,9,20,30.049999999999955,45,2023-01-29
DF,18,5,0,0,1,2,11,22,36,51.024999999999864,2023-02-05
DF,19,5,0,0,1,2,12,24,38,52.024999999999864,2023-02-12
DF,20,5,0,0,1,2,12,25.100000000000136,38,63.024999999999864,2023-02-19
DF,21,6,0,0,1,2,13,25,37.049999999999955,51.024999999999864,2023-02-26
DF,22,6,0,0,1,2,14,27,42,62,2023-03-05
DF,23,7,0,0,1,3,14,27,41.09999999999991,59,2023-03-12
DF,24,7,0,0,1,2,15,30.100000000000136,46,65.02499999999986,2023-03-19
DF,25,7,0,0,1,3,15,32,48.049999999999955,64,2023-03-26
DF,26,7,0,0,1,2,16,31,47.049999999999955,63.024999999999864,2023-04-02
DF,27,7,0,0,1,3,16,29,48.049999999999955,66.02499999999986,2023-04-09
DF,28,7,0,0,1,3,15,28.100000000000136,45,71.02499999999986,2023-04-16
DF,29,7,0,0,1,3,15,31,49,67.02499999999986,2023-04-23
DF,30,7,0,0,1,3,15,30,48,69.04999999999973,2023-04-30
DF,31,7,0,0,1,3,15,29,46.049999999999955,70,2023-05-07
DF,32,7,0,0,1,3,14,27.100000000000136,44,59,2023-05-14
DF,33,6,0,0,1,2,14,27,38,57,2023-05-21
DF,34,6,0,0,1,2,12,25,38,53.024999999999864,2023-05-28
DF,35,5,0,0,0,2,12,24,35,49.024999999999864,2023-06-04
DF,36,5,0,0,0,2,11,20,30,41,2023-06-11
DF,37,4,0,0,0,2,9,17,28,43,2023-06-18
DF,38,3,0,0,0,1,7,16,24,33.024999999999864,2023-06-25
DF,39,3,0,0,0,1,7,15,21,29.024999999999864,2023-07-02
DF,40,3,0,0,0,1,6,12,21,29,2023-07-09
DF,41,3,0,0,0,1,6,11,18,25.024999999999864,2023-07-16
DF,42,2,0,0,0,1,6,11,16,23,2023-07-23
DF,43,2,0,0,0,1,5,10,16,26,2023-07-30
DF,44,2,0,0,0,1,5,9,15,21,2023-08-06
DF,45,2,0,0,0,0,5,9,14,20,2023-08-13
DF,46,2,0,0,0,0,4,8,13,19,2023-08-20
DF,47,2,0,0,0,0,4,9,14,20.024999999999864,2023-08-27
DF,48,2,0,0,0,0,4,9,13,19,2023-09-03
DF,49,2,0,0,0,0,4,8,12,17,2023-09-10
DF,50,2,0,0,0,0,4,8,11,16,2023-09-17
DF,51,1,0,0,0,0,4,7,11,17,2023-09-24
DF,52,1,0,0,0,0,3,7,11,14,2023-10-01
ES,1,8,0,0,1,2,32,125.10000000000014,321.0999999999999,649.1999999999989,2022-10-09
ES,2,9,0,0,1,3,38,146.10000000000014,374.14999999999986,772.3249999999982,2022-10-16
ES,3,10,0,0,1,3,40.25,169.20000000000027,376.2999999999997,841.1249999999993,2022-10-23
ES,4,12,0,0,1,4,52,185.20000000000027,405.14999999999986,965.8499999999954,2022-10-30
ES,5,13,0,0,1,4,49,191,484,980.174999999999,2022-11-06
ES,6,13,0,0,1,4,49,222.3000000000004,538.3999999999996,1323.8749999999952,2022-11-13
ES,7,13,0,1,1,4,48,206.10000000000014,552.1499999999999,1419.6749999999963,2022-11-20
ES,8,16,0,1,2,5,56,248.50000000000068,618.1499999999999,1666.0749999999996,2022-11-27
ES,9,15,0,1,2,5,57,220.10000000000014,524.0999999999999,1108.3999999999978,2022-12-04
ES,10,15,0,1,2,5,56,209.10000000000014,475.04999999999995,945.9499999999948,2022-12-11
ES,11,15,0,1,2,5,51,175.20000000000027,459.14999999999986,1131.3999999999978,2022-12-18
ES,12,14,0,1,2,5,48,166.10000000000014,422.1999999999989,1082.0249999999944,2022-12-25
ES,13,13,0,1,2,5,47,168.3000000000004,386.0999999999999,910.174999999999,2023-01-01
ES,14,14,0,1,2,5,42.25,163.10000000000014,394,881.6249999999911,2023-01-08
ES,15,13,0,1,1,4,41,152,358.5499999999995,947.3999999999978,2023-01-15
ES,16,13,0,1,2,5,42,131.10000000000014,320.04999999999995,697.1499999999937,2023-01-22
ES,17,12,0,1,1,5,37,132.3000000000004,320.1999999999998,759.1249999999993,2023-01-29
ES,18,12,0,1,2,5,36,132,290.04999999999995,705.4499999999975,2023-02-05
ES,19,12,0,1,1,4,37,114,278.0999999999999,654.1249999999993,2023-02-12
ES,20,11,0,1,1,4,34,120,266.49999999999955,675.4999999999973,2023-02-19
ES,21,12,0,1,2,4,33,112,267,561.6749999999963,2023-02-26
ES,22,11,0,1,1,4,31,104.10000000000014,267.0999999999999,601.7749999999958,2023-03-05
ES,23,11,0,1,1,4,31,107,242.34999999999968,566.4749999999974,2023-03-12
ES,24,11,0,1,1,4,31,109,255.14999999999986,510.0749999999996,2023-03-19
ES,25,11,0,0,1,4,32,108,232,604.2499999999986,2023-03-26
ES,26,9,0,0,1,3,28,92,219.04999999999995,512.3499999999981,2023-04-02
ES,27,9,0,0,1,3,27,90.10000000000014,228.19999999999982,512.6249999999966,2023-04-09
ES,28,8,0,0,1,3,25,80.20000000000027,206.0999999999999,479.29999999999836,2023-04-16
ES,29,7,0,0,1,3,23,78.10000000000014,174,463.1249999999993,2023-04-23
ES,30,6.5,0,0,1,2,20,61.100000000000136,161.0999999999999,317.02499999999986,2023-04-30
ES,31,6,0,0,0,2,18,63.100000000000136,152.14999999999986,358.0499999999997,2023-05-07
ES,32,6,0,0,0,2,17,64,135.04999999999995,372.17499999999905,2023-05-14
ES,33,5,0,0,0,1,16,61.100000000000136,146.04999999999995,320.37499999999795,2023-05-21
ES,34,5,0,0,0,1,17,52,118.19999999999982,315.17499999999905,2023-05-28
ES,35,4,0,0,0,1,13,42,110.09999999999991,198,2023-06-04
ES,36,4,0,0,0,1,13,46,118,244.6249999999966,2023-06-11
ES,37,4,0,0,0,1,12,49,116,231.0749999999996,2023-06-18
ES,38,3,0,0,0,1,11,43,90.04999999999995,189.17499999999905,2023-06-25
ES,39,3,0,0,0,1,10.25,36,85.04999999999995,227.02499999999986,2023-07-02
ES,40,3,0,0,0,1,11,40,89.04999999999995,214.0749999999996,2023-07-09
GO,1,2,0,0,0,1,4,8,12,21,2022-10-09
GO,2,2,0,0,0,1,4,8,13,21,2022-10-16
GO,3,2,0,0,0,1,4,8,14,24,2022-10-23
GO,4,2,0,0,0,1,4,8,13,20,2022-10-30
GO,5,2,0,0,0,1,4,9,15,23.024999999999864,2022-11-06
GO,6,2,0,0,0,1,4,9,14,24.024999999999864,2022-11-13
GO,7,2,0,0,0,1,5,10,18,33.024999999999864,2022-11-20
GO,8,2,0,0,0,1,5,11,17,29,2022-11-27
GO,9,3,0,0,0,1,5,11,19,36.024999999999864,2022-12-04
GO,10,3,0,0,0,1,6,13,23,35.024999999999864,2022-12-11
GO,11,3,0,0,0,1,7,14,24,40,2022-12-18
GO,12,4,0,0,1,2,9,17.100000000000136,31,51,2022-12-25
GO,13,4,0,0,1,2,10,21,41,72.02499999999986,2023-01-01
GO,14,6,0,1,1,3,12,27,48,78.02499999999986,2023-01-08
GO,15,6,0,1,2,3,14,30,56,99.02499999999986,2023-01-15
GO,16,8,1,1,2,4,15,33,68,124.02499999999986,2023-01-22
GO,17,8,1,1,2,4,18,38,65,116.02499999999986,2023-01-29
GO,18,9,1,1,3,5,19,43,75,143.17499999999905,2023-02-05
GO,19,11,1,2,3,5,22,48.100000000000136,84,149.04999999999973,2023-02-12
GO,20,11,1,2,3,6,22,49,88,168.12499999999932,2023-02-19
GO,21,12,1,2,3,6,23,52,97,173.0749999999996,2023-02-26
GO,22,12,1,2,4,7,25,51,99.04999999999995,194.09999999999945,2023-03-05
GO,23,13,1,2,4,7,26,55,96.04999999999995,172.17499999999905,2023-03-12
GO,24,14,2,2,4,7,27,61,100,215,2023-03-19
GO,25,14,2,3,4,8,29,61,105.09999999999991,225.04999999999973,2023-03-26
GO,26,14,2,3,4,7,28,59,104,212.04999999999973,2023-04-02
GO,27,14,2,3,4,8,28,60.100000000000136,113.09999999999991,206.02499999999986,2023-04-09
GO,28,14,2,3,4,8,30,58,107.14999999999986,184.12499999999932,2023-04-16
GO,29,14,2,3,4,8,29,62.100000000000136,113.04999999999995,209.04999999999973,2023-04-23
GO,30,15,2,3,4.900000000000006,8,29,59,111.04999999999995,205.14999999999918,2023-04-30
GO,31,14,2,3,4,8,29,62,108,177.0749999999996,2023-05-07
GO,32,14,2,2,4,7,28,57.100000000000136,99.04999999999995,190.09999999999945,2023-05-14
GO,33,12,2,2,3,7,24,50.100000000000136,89.04999999999995,172.02499999999986,2023-05-21
GO,34,11,1,2,3,6,22,50,85,159.14999999999918,2023-05-28
GO,35,10,1,2,3,5,21,41,68.04999999999995,123,2023-06-04
GO,36,8,1,1,2,4,17,36,62,117.04999999999973,2023-06-11
GO,37,7,0.9750000000000014,1,2,4,15,32.100000000000136,59.049999999999955,111.19999999999891,2023-06-18
GO,38,6,0,1,2,3,13,28,50,104.02499999999986,2023-06-25
GO,39,5,0,1,1,3,11,26,44.049999999999955,79.09999999999945,2023-07-02
GO,40,5,0,0,1,2,10,23.100000000000136,42,75.09999999999945,2023-07-09
GO,41,4,0,0,1,2,9,18,31.049999999999955,61,2023-07-16
GO,42,3,0,0,1,2,7,17,32,55,2023-07-23
GO,43,3,0,0,0,1,7,15,25,52,2023-07-30
GO,44,3,0,0,0,1,6,13,21.049999999999955,40,2023-08-06
GO,45,2,0,0,0,1,5,11,19.049999999999955,38.024999999999864,2023-08-13
GO,46,2,0,0,0,1,5,10,19,34,2023-08-20
GO,47,2,0,0,0,1,4,9,14,30.024999999999864,2023-08-27
GO,48,2,0,0,0,1,4,8,13,24.024999999999864,2023-09-03
GO,49,2,0,0,0,1,4,8,12,23,2023-09-10
GO,50,2,0,0,0,1,4,7.100000000000136,12.049999999999955,23.024999999999864,2023-09-17
GO,51,2,0,0,0,1,4,7.100000000000136,12,19.024999999999864,2023-09-24
GO,52,2,0,0,0,1,4,7,11.049999999999955,21,2023-10-01
MA,1,7,0,0,1,3,19,45,79.09999999999991,149.0749999999996,2022-10-09
MA,2,7,0,0,1,3,17,42,78.04999999999995,143.22499999999877,2022-10-16
MA,3,7,0,0,1,3,18,43,75.04999999999995,132,2022-10-23
MA,4,7,0,1,1,3,17,43,79.04999999999995,142.02499999999986,2022-10-30
MA,5,7,0,0,1,3,18,44,82.09999999999991,154.12499999999932,2022-11-06
MA,6,7,0,1,1,3,18,39,75,136.0749999999996,2022-11-13
MA,7,8,0,0,1,3,18,42,75,164.04999999999973,2022-11-20
MA,8,8,0,1,1,3,21,47.100000000000136,90,175.12499999999932,2022-11-27
MA,9,10,0,1,2,4,23,57.100000000000136,112,195.02499999999986,2022-12-04
MA,10,11,0,1,2,4,25,63,116.09999999999991,256.09999999999945,2022-12-11
MA,11,12,1,1,2,5,30,69.10000000000014,126,217.02499999999986,2022-12-18
MA,12,14,1,1,2,6,34,79,152.04999999999995,291.1499999999992,2022-12-25
MA,13,17,1,2,3,7,41,99.10000000000014,175,309,2023-01-01
MA,14,20,1,2,3,8,46,112,204,333,2023-01-08
MA,15,22,1,2,4,9,55,129.10000000000014,214,471.17499999999905,2023-01-15
MA,16,23,2,3,5,10,57,128,253.29999999999973,463.0499999999997,2023-01-22
MA,17,28,2,3,5,12,65.25,162,322.0999999999999,541.2999999999984,2023-01-29
MA,18,33,2,4,6,14,80,185.20000000000027,326,539.0749999999996,2023-02-05
MA,19,37,2,4,7,16,91.25,223.10000000000014,433.49999999999955,797.2999999999984,2023-02-12
MA,20,43,3,5,9,18,107,271.2000000000003,573.2999999999997,1165.0749999999996,2023-02-19
MA,21,49,4,6.950000000000003,10,21,125.25,300.2000000000003,606.05,1219.7999999999956,2023-02-26
MA,22,59,4,7,11,25,143,362.2000000000003,772.5999999999995,1526.4249999999977,2023-03-05
MA,23,67,5,8,14,29,161,450.10000000000014,944.5999999999995,1713.9499999999784,2023-03-12
MA,24,73,5,9,13,30,175,451,828.3999999999996,2012.4249999999922,2023-03-19
MA,25,74,5,10,16,32,183,470.10000000000014,938.1499999999999,1743.3999999999978,2023-03-26
MA,26,80,7,10,16,33,204,458.2000000000003,814.05,1825.1499999999883,2023-04-02
MA,27,81,6,9,16,34,199,515.4000000000005,951.3999999999996,2054.0999999999995,2023-04-09
MA,28,83,7,11,17,36,204,516,926.6499999999994,1769.0249999999944,2023-04-16
MA,29,83,7,11,17,36,194.25,534.2000000000003,1031.1499999999999,2018.8249999999955,2023-04-23
MA,30,78,5,10,15,33,198.5,498.2000000000003,1001.5499999999995,1838.0249999999944,2023-04-30
MA,31,71,6,9,15,31,177,460,1013.0999999999999,1904.5499999999915,2023-05-07
MA,32,64,5,8,13,27,158.25,395.10000000000014,766.1999999999989,1298.3249999999982,2023-05-14
MA,33,54,4,7,11,23,130,347.10000000000014,675.6499999999994,1264.3999999999978,2023-05-21
MA,34,47,3,5.950000000000003,9,19,113.25,261.10000000000014,516,1088,2023-05-28
MA,35,39,3,5,8,17,96,238.10000000000014,428.14999999999986,893.5999999999967,2023-06-04
MA,36,34,2,4,7,15,82.25,203.10000000000014,401.0999999999999,714.0999999999995,2023-06-11
MA,37,29,2,4,6,12,69,173.10000000000014,310.14999999999986,538.0749999999996,2023-06-18
MA,38,25,1,3,5,10,58,160,295.39999999999964,499.0499999999997,2023-06-25
MA,39,21,1,2,4,9,50,116,224.0999999999999,490.09999999999945,2023-07-02
MA,40,18,1,2,3,8,44,111,203.04999999999995,376.1999999999989,2023-07-09
MA,41,16,1,1,3,7,38.25,93,154.04999999999995,317.1999999999989,2023-07-16
MA,42,14,0.9750000000000014,1,2,6,34,86.10000000000014,150,288.09999999999945,2023-07-23
MA,43,13,1,1,2,6,33,78,152,251,2023-07-30
MA,44,13,0,1,2,5,31,70.10000000000014,136.04999999999995,287.0749999999996,2023-08-06
MA,45,12,0,1,2,5,28,66,118.04999999999995,235.0749999999996,2023-08-13
MA,46,11,0,1,2,5,26,64,111.04999999999995,183.02499999999986,2023-08-20
MA,47,10,0,1,2,4,24,56,103.09999999999991,195,2023-08-27
MA,48,10,0,1,2,4,23,60.100000000000136,107,186.04999999999973,2023-09-03
MA,49,9,0,1,1.9000000000000057,4,23,58,102.04999999999995,162.02499999999986,2023-09-10
MA,50,9,0,1,1,4,22,52.100000000000136,100.09999999999991,180.02499999999986,2023-09-17
MA,51,9,0,1,1,4,21,51.100000000000136,94.09999999999991,165,2023-09-24
MA,52,8,0,0,1,3,19,49.100000000000136,86.04999999999995,160.04999999999973,2023-10-01
MG,1,16,3,4,6,9,33,78,142.0999999999999,265,2022-10-09
MG,2,16,3,4,5,9,35,89,150,280.02499999999986,2022-10-16
MG,3,17,3.9750000000000014,5,6,10,35.25,86.10000000000014,168,284,2022-10-23
MG,4,18,3,4,6,10,38,89.10000000000014,169.14999999999986,338.02499999999986,2022-10-30
MG,5,19,4,5,7,11,39,98,204.04999999999995,387.3999999999978,2022-11-06
MG,6,21,4,6,7,12,47,111,211.0999999999999,420.3249999999982,2022-11-13
MG,7,23,4,6,8,13,51,128.10000000000014,226.0999999999999,390.1999999999989,2022-11-20
MG,8,24,5,6,8,14,52,133,247.04999999999995,413,2022-11-27
MG,9,28,5,7,9,15,61,148,254.14999999999986,456.0749999999996,2022-12-04
MG,10,30,6,8,10,17,66,163.10000000000014,309.0999999999999,656.7499999999959,2022-12-11
MG,11,33,8,9,12,19,73,171,316.2499999999998,616.174999999999,2022-12-18
MG,12,39,9,10,14,22,83,204.10000000000014,372.1999999999998,706.2999999999984,2022-12-25
MG,13,43,10,13,16,25,90.25,237,424.0999999999999,728.0499999999997,2023-01-01
MG,14,51,12,15,18.900000000000006,28,114.25,272.10000000000014,539.2499999999998,993,2023-01-08
MG,15,59,15,18.950000000000003,23,34,124,306.10000000000014,522.05,887.1249999999993,2023-01-15
MG,16,69,18,21,26,39.75,144,344.10000000000014,629.05,1140.2999999999984,2023-01-22
MG,17,81,19,24,30,45,167,393.10000000000014,720.05,1309.2999999999984,2023-01-29
MG,18,93,24,28,36,54,201,451.10000000000014,852.05,1694.2499999999986,2023-02-05
MG,19,113,27,32.95,42,64,240,534.4000000000005,992.1499999999999,1668.9749999999947,2023-02-12
MG,20,123,32,38.95,48,72,263.25,596.1000000000001,1072.149999999999,1955.1249999999993,2023-02-19
MG,21,133,36,44,53.900000000000006,79,279,683.2000000000003,1327.3999999999987,2548.324999999998,2023-02-26
MG,22,148,38,47.95,58,89,314,819.5000000000007,1532.9499999999991,2926.124999999999,2023-03-05
MG,23,162,42,49,64.9,97,343.25,806.6000000000008,1436.3999999999996,2766.374999999998,2023-03-12
MG,24,169,42,51,65,99,353.25,844,1556.2999999999997,2614.6749999999797,2023-03-19
MG,25,170,47,56,68,101,356.25,808.1000000000001,1526.05,2854.2499999999986,2023-03-26
MG,26,169.5,46,54,70.9,102,355.25,806.5000000000007,1541.3999999999996,3276.0999999999995,2023-04-02
MG,27,173,46,54.95,68.9,101,323,726,1322.2499999999998,2815.0249999999996,2023-04-09
MG,28,165,46,52,64,95,329.25,783.1000000000001,1279.6999999999994,2600.099999999994,2023-04-16
MG,29,153.5,38.975,47,58,88,317,701.4000000000005,1201,2104.0999999999995,2023-04-23
MG,30,141,37,43.95,54,80.75,297,712,1290.4999999999986,2246.324999999998,2023-04-30
MG,31,128,32.975,38,48.900000000000006,75,258,582,1107.1999999999998,1854.0999999999995,2023-05-07
MG,32,117,29,35,43,65,232,551,1019,1770.5249999999971,2023-05-14
MG,33,104,24,29,37,57,227.25,499.2000000000003,889.7999999999993,1538.5499999999806,2023-05-21
MG,34,89,20,25,31,48,188,487.2000000000003,855.2999999999997,1499.2249999999988,2023-05-28
MG,35,77,18,22,28,43,160,407.10000000000014,715.049999999999,1372.3999999999978,2023-06-04
MG,36,65,14,18,23,35,146,359,673.3499999999997,1177.174999999999,2023-06-11
MG,37,57,12,14,19,29,124,286.10000000000014,579,1170.8749999999952,2023-06-18
MG,38,49,10,12,16,26,113,272,513.05,995.174999999999,2023-06-25
MG,39,39.5,8.975000000000001,11,14,21,89,218,442.04999999999995,856.6249999999966,2023-07-02
MG,40,36,7,9,11,18,81,188,380,715.724999999996,2023-07-09
MG,41,31,6,8,10,16,68,159.10000000000014,306.04999999999995,633.2499999999986,2023-07-16
MG,42,27,5,7,9,15,58,148.20000000000027,275.0999999999999,546.0249999999999,2023-07-23
MG,43,23,4,6,8,13,54,127.10000000000014,237.04999999999995,481.3249999999982,2023-07-30
MG,44,21,4,5,7,11,44,116.10000000000014,195.04999999999995,345,2023-08-06
MG,45,20,3.9750000000000014,5,6,11,42,97,201.14999999999986,326.0499999999997,2023-08-13
MG,46,19,3.9750000000000014,5,6,10,38,93.10000000000014,170.04999999999995,316.1999999999989,2023-08-20
MG,47,18,3,4,6,10,37,87,153.0999999999999,327.0749999999996,2023-08-27
MG,48,17,3,4,6,10,34,84,158.04999999999995,248.2749999999985,2023-09-03
MG,49,18,3,4,6,10,35,80,149.04999999999995,268.09999999999945,2023-09-10
MG,50,16,3,4,6,9,34,80.10000000000014,142.0999999999999,253,2023-09-17
MG,51,17,3,4,5,9,34,76,147.04999999999995,230,2023-09-24
MG,52,16,3,4,5,9,33,81.10000000000014,150.04999999999995,265.17499999999905,2023-10-01
MS,1,2,0,0,0,1,4,6,8,11,2022-10-09
MS,2,2,0,0,0,1,4,7,9,11,2022-10-16
MS,3,2,0,0,0,1,4,7,10,13,2022-10-23
MS,4,2,0,0,0,1,4,7,10,12,2022-10-30
MS,5,2,0,0,0,1,5,7,10,14,2022-11-06
MS,6,2,0,0,0,1,5,8,11,14,2022-11-13
MS,7,3,0,0,0,1,5,8,11,13.024999999999864,2022-11-20
MS,8,3,0,0,0,1,5,9,12,15.024999999999864,2022-11-27
MS,9,3,0,0,0,1,6,10,13,17,2022-12-04
MS,10,3,0,0,0,1,6,10,14,18.024999999999864,2022-12-11
MS,11,3,0,0,0,2,6,10,14,19,2022-12-18
MS,12,3,0,0,1,2,7,11,15,20,2022-12-25
MS,13,4,0,0,1,2,7,11,15,20,2023-01-01
MS,14,4,0,0,1,2,7,12,17,22,2023-01-08
MS,15,4,0,0,1,2,8,13,18,24,2023-01-15
MS,16,5,0,0,1,2,8.25,14,20,24,2023-01-22
MS,17,5,0,1,1,3,9,15,21,28.024999999999864,2023-01-29
MS,18,6,0,1,1,3,10,16,22.049999999999955,27,2023-02-05
MS,19,6,0,1,1,3,10,15.100000000000136,22,31,2023-02-12
MS,20,6,0,1,1,3,10.25,18,25,37,2023-02-19
MS,21,6,0,1,1,3,11,18,25,34,2023-02-26
MS,22,6,0,1,2,3,12,19,26,35,2023-03-05
MS,23,6,0,1,2,3,11,19,27,38.024999999999864,2023-03-12
MS,24,6,0,1,2,3,12,19,25,35,2023-03-19
MS,25,6,0,1,2,3,11,18,24,34,2023-03-26
MS,26,6,0,1,2,3,11,17,25,34.024999999999864,2023-04-02
MS,27,6,0,1,2,3,10,17,23,30,2023-04-09
MS,28,6,0,1,1,3,10,17,24,32,2023-04-16
MS,29,5,0,1,1,3,10,15,21,30,2023-04-23
MS,30,5,0,1,1,3,9,15,22,33,2023-04-30
MS,31,5,0,0,1,3,9,15.100000000000136,22,32,2023-05-07
MS,32,5,0,0,1,2,8,14,20,28,2023-05-14
MS,33,4,0,0,1,2,8,14,19.049999999999955,26.024999999999864,2023-05-21
MS,34,4,0,0,1,2,7,12,17,24,2023-05-28
MS,35,4,0,0,1,2,7,11,16,22.024999999999864,2023-06-04
MS,36,3,0,0,0,1,6,10,14,20.024999999999864,2023-06-11
MS,37,3,0,0,0,1,5,9,12,16,2023-06-18
MS,38,2,0,0,0,1,5,8,11,17,2023-06-25
MS,39,2,0,0,0,1,4,7,10,14,2023-07-02
MS,40,2,0,0,0,1,4,6,10,13,2023-07-09
MS,41,2,0,0,0,1,4,6,9,11,2023-07-16
MS,42,2,0,0,0,1,3,6,8,10,2023-07-23
MS,43,2,0,0,0,1,3,6,8,11,2023-07-30
MS,44,1,0,0,0,0,3,5,7,9,2023-08-06
MS,45,2,0,0,0,0,3,6,8,10,2023-08-13
MS,46,2,0,0,0,1,3,6,7,10,2023-08-20
MS,47,1,0,0,0,1,3,5,7,10,2023-08-27
MS,48,2,0,0,0,1,3,5,7,9.024999999999864,2023-09-03
MS,49,2,0,0,0,1,3,6,8,10,2023-09-10
MS,50,2,0,0,0,1,3,6,7,10,2023-09-17
MS,51,2,0,0,0,1,3,6,8,10,2023-09-24
MS,52,2,0,0,0,1,4,6,8,11,2023-10-01
MT,1,3,0,0,0,1,7,20,45,92.04999999999973,2022-10-09
MT,2,4,0,0,0,1.75,8,22.100000000000136,50,110.2749999999985,2022-10-16
MT,3,4,0,0,1,2,9,27.100000000000136,58.049999999999955,122.07499999999959,2022-10-23
MT,4,5,0,0,1,2,10,31.100000000000136,67,158,2022-10-30
MT,5,5,0,1,1,3,13,38,76.04999999999995,191.17499999999905,2022-11-06
MT,6,6,0,1,1,3,14.25,43,102,206,2022-11-13
MT,7,8,0,1,2,4,17,47,96.09999999999991,220.12499999999932,2022-11-20
MT,8,9,0,1,2,4,19.25,60,127.09999999999991,284.0499999999997,2022-11-27
MT,9,10,1,1,2,5,22.25,69.10000000000014,150.14999999999986,353.02499999999986,2022-12-04
MT,10,11,1,2,3,6,25,75,185,433.2249999999933,2022-12-11
MT,11,14,2,2,4,7,32,95,213.19999999999982,414.17499999999905,2022-12-18
MT,12,16,2,3,4,8,36,107.10000000000014,256.1999999999998,561.2499999999986,2022-12-25
MT,13,19,2,3,5,10,44,127,292.04999999999995,485.3499999999981,2023-01-01
MT,14,23,3,5,7,12,52,165.10000000000014,346.2499999999998,744.4499999999975,2023-01-08
MT,15,27,4,6,8,13,62,175,379.0999999999999,799.3999999999978,2023-01-15
MT,16,29,4,6,8,15,68,189.10000000000014,441.0999999999999,909.2999999999984,2023-01-22
MT,17,32,5,7,10,17,75,211.20000000000027,473.1999999999998,1158.1749999999936,2023-01-29
MT,18,32,5,6.950000000000003,10,16,78,241,497.49999999999955,1116.6249999999966,2023-02-05
MT,19,34,5,7,9,17,79,234.3000000000004,482.14999999999986,1213.174999999999,2023-02-12
MT,20,33,5.975000000000001,7.950000000000003,10,17,78.25,238.10000000000014,566.5999999999995,1358.0999999999995,2023-02-19
MT,21,34,5,8,11,17,80,228.20000000000027,499.14999999999986,1104,2023-02-26
MT,22,34,5,7,10,17,74,211,458.2499999999998,933.9499999999894,2023-03-05
MT,23,32,5,7,10,17,74,202.10000000000014,401.0999999999999,1007.3499999999926,2023-03-12
MT,24,31,5,7,10,17,70,185.10000000000014,359.1999999999998,708.7749999999958,2023-03-19
MT,25,30,5,7,10,16,68,171.10000000000014,337.0999999999999,714.1249999999993,2023-03-26
MT,26,28,5,6,9,16,62.25,161,325.14999999999986,696.174999999999,2023-04-02
MT,27,29,5,6,9,15,61,152,340.2999999999997,721.2749999999985,2023-04-09
MT,28,27,4.975000000000001,6,8,14,56,151,286.1999999999998,635.0499999999997,2023-04-16
MT,29,24,4,5,8,13,51,139.10000000000014,262.2999999999997,594.2999999999984,2023-04-23
MT,30,22,4,5,7,12,49,128.10000000000014,276.14999999999986,551.2999999999984,2023-04-30
MT,31,21,3,5,6,11,46,121.10000000000014,260.1999999999998,500.37499999999795,2023-05-07
MT,32,18,3,4,6,10,39,104,252,475.24999999999864,2023-05-14
MT,33,16,2,3,5,9,35,98.10000000000014,213,385.09999999999945,2023-05-21
MT,34,14,2,3,4,7,31,84.10000000000014,168.04999999999995,356.0499999999997,2023-05-28
MT,35,13,2,2,4,6,27,78,177.0999999999999,364.1499999999992,2023-06-04
MT,36,11,1,2,3,5,24,72.20000000000027,143,304.02499999999986,2023-06-11
MT,37,9,1,1,2,5,21,57,106,284.02499999999986,2023-06-18
MT,38,8,1,1,2,4,18,45,95,207.0749999999996,2023-06-25
MT,39,7,0,1,2,4,15,40,81.09999999999991,188.14999999999918,2023-07-02
MT,40,6,0,1,2,3,13,34.100000000000136,60.049999999999955,141.0749999999996,2023-07-09
MT,41,6,0,1,1,3,12,30,62.049999999999955,122.09999999999945,2023-07-16
MT,42,5,0,1,1,2,11,29,56,127,2023-07-23
MT,43,5,0,0,1,2,10,22,47,98.02499999999986,2023-07-30
MT,44,4,0,0,1,2,9,20,46,97.07499999999959,2023-08-06
MT,45,4,0,0,1,2,8,20,37,81.02499999999986,2023-08-13
MT,46,3.5,0,0,1,2,7,17,36,73.02499999999986,2023-08-20
MT,47,3,0,0,0,1,7,15,31.049999999999955,64.02499999999986,2023-08-27
MT,48,3,0,0,0,1,6,15,30,73.02499999999986,2023-09-03
MT,49,3,0,0,0,1,6,15,34,61,2023-09-10
MT,50,3,0,0,0,1,6,15,30.049999999999955,77,2023-09-17
MT,51,3,0,0,0,1,6,17,33,70,2023-09-24
MT,52,3,0,0,0,1,6,17.100000000000136,38.049999999999955,83,2023-10-01
PA,1,25,2,3,5,10,59,141,259.3499999999997,488.02499999999986,2022-10-09
PA,2,25,2,3,5,11,60.25,153,291,564.9749999999947,2022-10-16
PA,3,24,2,3,5,11,59,150,308,556,2022-10-23
PA,4,24,2,3,5,10,62,156,315,671,2022-10-30
PA,5,24,1.9750000000000014,3,5,10,58,152.10000000000014,319.4499999999996,647.724999999996,2022-11-06
PA,6,24,1,2,4,10,58,155,317,639.0499999999997,2022-11-13
PA,7,25,2,3,5,10.75,61,162,316.14999999999986,607.3499999999926,2022-11-20
PA,8,26,2,3,5,11,60.25,161.10000000000014,307.14999999999986,652.174999999999,2022-11-27
PA,9,28,2,3,5,11,68,166.10000000000014,342.14999999999986,608.1249999999993,2022-12-04
PA,10,28,2,3,6,11,67,178.10000000000014,365.4499999999996,698.374999999998,2022-12-11
PA,11,30,2,4,6,13,73,185.10000000000014,389.0999999999999,781.0749999999996,2022-12-18
PA,12,33,2.9750000000000014,4,7,14,81.25,196.10000000000014,420.2499999999998,712.0749999999996,2022-12-25
PA,13,36,3,5,8,16,85,252.3000000000004,556.05,998.0749999999996,2023-01-01
PA,14,40,4,6,9,18,98,233.3000000000004,477.04999999999995,931.174999999999,2023-01-08
PA,15,45,4,6,10,20,100,282.40000000000055,610.0999999999999,1250.6749999999963,2023-01-15
PA,16,47,5,7,12,21,111.25,299.2000000000003,621.5999999999995,1148.7749999999958,2023-01-22
PA,17,54,6,9,13,25,130,332.5000000000007,654.4499999999996,1316.1499999999992,2023-01-29
PA,18,55,6,9,14,25,117.25,305.2000000000003,581.1999999999998,1169.7999999999956,2023-02-05
PA,19,60,7,10,15,27,133,336.3000000000004,656.05,1460.349999999998,2023-02-12
PA,20,61,6.975000000000001,10,15,28.75,135.25,310.10000000000014,625.05,1260.1999999999935,2023-02-19
PA,21,58,7,10,15,29,129,337,697.4499999999996,1270.2999999999984,2023-02-26
PA,22,62,7,10,14,27,129.5,316.2000000000003,650.05,1159.5999999999967,2023-03-05
PA,23,56,7,9,14,27,136,318.2000000000003,585,1179.3999999999924,2023-03-12
PA,24,55,7,10,15,27,120,315.10000000000014,613.7999999999993,1316.1499999999992,2023-03-19
PA,25,53,6,9,13,26,119.25,297.10000000000014,655.2999999999988,1277.174999999999,2023-03-26
PA,26,50,6,9,13,24,114,301,573.1499999999999,1060.0249999999999,2023-04-02
PA,27,51,6,8.950000000000003,12,24,115,294,553.1999999999998,1093.5249999999971,2023-04-09
PA,28,48,6,9,13,24,114,287.3000000000004,575.4999999999995,1029.549999999997,2023-04-16
PA,29,48.5,5,7,11,22,109,269.10000000000014,501.14999999999986,926.1499999999992,2023-04-23
PA,30,49,5,7,12,23,111.25,273.2000000000003,527.05,1015.174999999999,2023-04-30
PA,31,47,5,7,11,23,112,259.10000000000014,498.0999999999999,1079.199999999999,2023-05-07
PA,32,45,5,7,10,21,101,257.10000000000014,459.2499999999998,797.4999999999973,2023-05-14
PA,33,44,4,7,10,20.75,100.25,259,452.14999999999986,853.6999999999962,2023-05-21
PA,34,43,5,7,10,19.75,94,228.10000000000014,441.4499999999996,849.7499999999959,2023-05-28
PA,35,40,4,6,9,18,95,241.10000000000014,439,932.5749999999914,2023-06-04
PA,36,38,4,5,9,17,89,231.10000000000014,464.04999999999995,880.1249999999993,2023-06-11
PA,37,39,4,5,9,17,83,205.10000000000014,412.2499999999998,694.0249999999999,2023-06-18
PA,38,37,4,6,8,17,84,216,384.1999999999998,718.174999999999,2023-06-25
PA,39,35,3,5,8,16,80.25,204.10000000000014,386.4499999999996,775.7499999999959,2023-07-02
PA,40,35.5,3,5,8,16,81,193.20000000000027,363.0999999999999,674.1249999999993,2023-07-09
PA,41,34,3,5,8,16,77.25,195,348.1999999999998,662.0999999999995,2023-07-16
PA,42,35,3,5,8,17,81,199.10000000000014,356.0999999999999,664.8999999999951,2023-07-23
PA,43,35,3,5,8,16,80,188.10000000000014,349.3499999999997,711.0749999999996,2023-07-30
PA,44,34.5,4,5,8,16,78.25,205,358.0999999999999,641.0249999999999,2023-08-06
PA,45,34,4,5,7,16,78,173.10000000000014,330.1999999999998,618.1249999999993,2023-08-13
PA,46,33,3,4,7,15,76,176,347.0999999999999,649.2249999999988,2023-08-20
PA,47,29.5,3,4,7,14,70,169.10000000000014,340.04999999999995,618.6249999999966,2023-08-27
PA,48,30,3,4,7,14,70,157.20000000000027,304.5499999999995,587.1999999999989,2023-09-03
PA,49,28.5,2.9750000000000014,4,6,13,67,162,297.04999999999995,552.0499999999997,2023-09-10
PA,50,27,2,4,6,12,62,153,266.04999999999995,559.2499999999986,2023-09-17
PA,51,27,2,3,5,12,60,153.10000000000014,303.04999999999995,572.2999999999984,2023-09-24
PA,52,25,2,3,5,11,60,150,280.59999999999945,576.4749999999974,2023-10-01
PB,1,39.5,4,6,9,18,89,183.20000000000027,300.04999999999995,544.174999999999,2022-10-09
PB,2,34.5,3,5,8,16,74,161.10000000000014,271.0999999999999,460.02499999999986,2022-10-16
PB,3,29,2,4,6,13,65,138.10000000000014,222.0999999999999,366.17499999999905,2022-10-23
PB,4,26,2,3,6,12,56,117.10000000000014,187,341,2022-10-30
PB,5,23,2,3,5,11,50,106,171.04999999999995,285.02499999999986,2022-11-06
PB,6,22,2,3,4,9,48,101.10000000000014,164.19999999999982,273.0749999999996,2022-11-13
PB,7,20,1,2,4,9,43,96,156.14999999999986,263.0749999999996,2022-11-20
PB,8,19,1,2,4,8,42,83.10000000000014,140.04999999999995,265,2022-11-27
PB,9,18,1,2,4,8,41,88.10000000000014,147,231.02499999999986,2022-12-04
PB,10,19,1,2,4,9,39,90,143,233.02499999999986,2022-12-11
PB,11,19.5,2,3,4,9,40.25,85.10000000000014,153.04999999999995,259.02499999999986,2022-12-18
PB,12,20,1,3,5,10,45,90,143,204.17499999999905,2022-12-25
PB,13,23,2,3,5,11,50,98,155,285.0749999999996,2023-01-01
PB,14,24,2,3,6,12,55,113.10000000000014,193,341.09999999999945,2023-01-08
PB,15,28,3,4,6,13,63,126,212.04999999999995,344.24999999999864,2023-01-15
PB,16,33,3,5,8,16,71,159.3000000000004,277.0999999999999,423.0749999999996,2023-01-22
PB,17,39,4,6,10,18,86,170,297.14999999999986,509.09999999999945,2023-01-29
PB,18,45,4,7,11,21,100,217,380.04999999999995,608.2749999999985,2023-02-05
PB,19,55,6,9,14,26,122,237,398.0999999999999,541.8249999999955,2023-02-12
PB,20,67,7,9.950000000000003,15,32,139,312.10000000000014,481.0999999999999,799.0749999999996,2023-02-19
PB,21,72,7.975000000000001,11,17,34,158.25,334.10000000000014,568.0999999999999,985.7749999999958,2023-02-26
PB,22,85,9,14,22,43,184,384,621.05,1053.5499999999915,2023-03-05
PB,23,98,12,17,24,49.75,206,421.40000000000055,697.0999999999999,1111.0499999999997,2023-03-12
PB,24,108.5,13.975000000000001,19,29,51,226,491.10000000000014,854.0999999999999,1284.724999999996,2023-03-19
PB,25,123,14,21,31,60.75,257,549,937.1999999999989,1404.8749999999952,2023-03-26
PB,26,128,15,21,33,65,285.25,619,1023.2499999999998,1648.549999999997,2023-04-02
PB,27,145,16,23,34.900000000000006,71,306.25,637.3000000000004,996.05,1812.8749999999952,2023-04-09
PB,28,154.5,16.975,26,42,78,322,657.2000000000003,1089.2499999999998,1567.3249999999982,2023-04-16
PB,29,160.5,19,26.950000000000003,41,76,334.25,689.4000000000005,1078.05,1755.7749999999903,2023-04-23
PB,30,170,19,28,43,81,344.5,803.4000000000005,1312.2999999999997,2032.5749999999969,2023-04-30
PB,31,173.5,22,30,45,85,366,769.3000000000004,1326.2999999999988,2087.4999999999973,2023-05-07
PB,32,181,20.975,32,48,93,368.25,760.2000000000003,1220.05,2250.349999999998,2023-05-14
PB,33,185,19.975,32,47,90,397,771.2000000000003,1261.6999999999994,2072.6249999999964,2023-05-21
PB,34,183.5,22,31,46.900000000000006,92,415.5,837.1000000000001,1380.1499999999999,2174.399999999998,2023-05-28
PB,35,183.5,22,32,48,91,397,822.1000000000015,1344,2069.6749999999965,2023-06-04
PB,36,179,22,32,48,85,377.25,808,1354.1499999999999,2082.2249999999985,2023-06-11
PB,37,167,20,28,42,83,380.25,783,1276.5999999999995,2159.2999999999984,2023-06-18
PB,38,170,20,28,43,82,355,767.1000000000001,1207.1,1817.4499999999975,2023-06-25
PB,39,165.5,20,28,43,81.75,356.25,735.2000000000003,1170.1,1719.0249999999944,2023-07-02
PB,40,163.5,20,29,43,77.75,332.25,709.1000000000001,1103.099999999999,1797.2499999999932,2023-07-09
PB,41,145,17,24,36.900000000000006,67,315.25,650.2000000000003,1109.3999999999996,1719.199999999999,2023-07-16
PB,42,140,18,24,36,68,292,580.3000000000004,1007.1499999999999,1569.899999999995,2023-07-23
PB,43,127,13,20,31,62,267.25,560.3000000000004,870.6999999999994,1405.6749999999963,2023-07-30
PB,44,117,13,20,30,56,255.25,529.3000000000004,835.0999999999999,1199.349999999998,2023-08-06
PB,45,111,12,17,26,51,236,495.2000000000003,817.05,1351.3999999999924,2023-08-13
PB,46,100,11,16,25,46,224.25,461,804.2999999999997,1350.0999999999995,2023-08-20
PB,47,92,10,14,22,43,188,413,681.05,1068.1999999999935,2023-08-27
PB,48,81,9,13,20,38,173,356,677,1149.2499999999986,2023-09-03
PB,49,71,7,10,16,33,153.25,313.10000000000014,498.1999999999998,757.0749999999996,2023-09-10
PB,50,60,7,9,14,29,133.25,279.2000000000003,457.0999999999999,753.5999999999967,2023-09-17
PB,51,54,5,7,11,24,115.5,260.10000000000014,420.2999999999997,655.1249999999993,2023-09-24
PB,52,47,4,7,10,22,104,217,344.04999999999995,543.2749999999985,2023-10-01
PE,1,91,7,11,18,39,236,605.2000000000003,1156.05,2025.0999999999995,2022-10-09
PE,2,96,7,11,17,38,228.25,530.1000000000001,964.05,1702.2999999999984,2022-10-16
PE,3,86,6,9,16,37,215,519.4000000000005,924.3999999999996,1460.7249999999851,2022-10-23
PE,4,79,6,9,15,35,198,504.10000000000014,938.05,1645.3249999999982,2022-10-30
PE,5,79.5,6,10,17,34,201.25,470.10000000000014,799.05,1390.7749999999903,2022-11-06
PE,6,75,6,9.950000000000003,15,32,191,432.2000000000003,747.05,1288.1499999999992,2022-11-13
PE,7,74,5,8.950000000000003,15,30,175.5,424.10000000000014,789.2999999999997,1286.6999999999962,2022-11-20
PE,8,70,5,8,14,28,176,435.2000000000003,731.05,1179.1499999999992,2022-11-27
PE,9,73,5,7.950000000000003,14,31,177.25,423,779.1999999999998,1332.3499999999872,2022-12-04
PE,10,69.5,5,9,15,31,171,392,747.7999999999993,1419.7499999999905,2022-12-11
PE,11,76,6.975000000000001,9,14,31,181,406.10000000000014,736.2499999999998,1294.3999999999978,2022-12-18
PE,12,76,6,9,15,33,182,421,719.0999999999999,1126.0999999999995,2022-12-25
PE,13,79,6,10,16,35,192,453.10000000000014,806.3499999999997,1376.374999999998,2023-01-01
PE,14,87,7,10,18,39,202,507.40000000000055,947.3999999999987,1542.4499999999975,2023-01-08
PE,15,94,9,13.950000000000003,21,42,214,508.10000000000014,894.3499999999997,1646.4249999999922,2023-01-15
PE,16,104,10,14,22,45,233.25,541,941.3999999999987,1527.0749999999996,2023-01-22
PE,17,114,11,17,26,51,256.25,622.1000000000001,1118.5999999999995,1954.4999999999973,2023-01-29
PE,18,119.5,11,17,27,55,288,673.4000000000005,1235.05,2120.0499999999997,2023-02-05
PE,19,131,13,19,30,63,310,695,1147,2171.0749999999994,2023-02-12
PE,20,139,13.975000000000001,21,32,65,313,760.2000000000003,1349.1999999999998,2666.075,2023-02-19
PE,21,147,13.975000000000001,21,32,67,332,776.2000000000003,1364.9499999999991,2570.324999999987,2023-02-26
PE,22,150.5,15,22,35,70,341,827.2000000000003,1457.149999999999,2795.174999999999,2023-03-05
PE,23,156,14,21,36,72,391.5,884.1000000000001,1581.099999999999,2694.1999999999825,2023-03-12
PE,24,170,17,23,38,77,363,912.4000000000005,1434.1999999999998,2517.2999999999984,2023-03-19
PE,25,169,19,26,40,80,393.25,882.0000000000014,1451.6999999999994,2427.774999999985,2023-03-26
PE,26,178,16,24,38,81,424.25,962.2000000000003,1573.2499999999998,2952.1499999999933,2023-04-02
PE,27,185,16,26,41,81,424.25,1013.3000000000004,1857.1999999999998,3317.574999999997,2023-04-09
PE,28,198.5,19,27,41,85,451,1107.700000000001,1889.2999999999988,3342.549999999992,2023-04-16
PE,29,206,18,27,45,94,502.25,1116.700000000001,1951.299999999998,3387.9499999999894,2023-04-23
PE,30,217,22,30,50,99,497.5,1119.2000000000003,1996.1999999999998,3589.7249999999963,2023-04-30
PE,31,220.5,21,31.950000000000003,50,98,524.5,1217.3000000000004,2176.249999999998,3659.3499999999976,2023-05-07
PE,32,225.5,19,31,49,97.75,518.25,1298,2207.5499999999997,3608.6499999999905,2023-05-14
PE,33,224,23,33,51,104,543,1268.700000000001,2116.7999999999993,3749.224999999999,2023-05-21
PE,34,237,19,31,47,107,558,1181.6000000000008,2167.649999999996,3803.7999999999956,2023-05-28
PE,35,235,20,30.950000000000003,50,104,532.25,1315.6000000000008,2269.8999999999987,4029.624999999975,2023-06-04
PE,36,222.5,20,30,48,97,520.25,1263.1000000000001,2284.05,3847.024999999994,2023-06-11
PE,37,235,19,27,45.900000000000006,95,538,1283.1000000000001,2188.3499999999995,3743.4249999999975,2023-06-18
PE,38,221,17,25.950000000000003,41.900000000000006,90.75,556,1356,2156.6999999999985,3714.1999999999935,2023-06-25
PE,39,217,16,27,42,94,538,1380.3000000000018,2224.3999999999996,3948.6999999999907,2023-07-02
PE,40,221.5,16,26.950000000000003,44,93,523.25,1266.4000000000005,2372.899999999999,3951.424999999992,2023-07-09
PE,41,203,17,25,38,84,502.25,1193.500000000002,2156.3499999999995,3856.324999999998,2023-07-16
PE,42,199,15,22,36,79,456,1136.3000000000004,2050.1499999999996,3265.449999999986,2023-07-23
PE,43,185,16,24,37,77,448.5,1086.2000000000003,2029.149999999999,3416.3499999999603,2023-07-30
PE,44,174.5,13,22,34,72,430.25,1100.1000000000001,1856.5499999999977,3183.4249999999975,2023-08-06
PE,45,165,14,21,33,69,415,1082.6000000000008,1762.3499999999997,2948.599999999986,2023-08-13
PE,46,158,13,21,33,69,380.5,967.3000000000018,1654.1,2654.524999999997,2023-08-20
PE,47,148,12,19,31,62,348,918.5000000000007,1646.1499999999999,3174.6249999999964,2023-08-27
PE,48,140,11,17,28,59,351,846,1468.1999999999998,2279.499999999992,2023-09-03
PE,49,130,10,15,25.900000000000006,53,333.25,801,1499.7999999999993,2579.0999999999995,2023-09-10
PE,50,126,9,15,24,51,298,741.4000000000005,1310.1999999999998,2086.374999999998,2023-09-17
PE,51,117.5,8,13,21,49,297.5,657,1150.05,1771.2749999999985,2023-09-24
PE,52,106,6.975000000000001,11,20,45,255.5,649.1000000000001,1107.05,1774.1749999999936,2023-10-01
PI,1,7,0,0,1,3,15,33,53,88,2022-10-09
PI,2,6,0,0,1,3,14,29,49,72.07499999999959,2022-10-16
PI,3,6,0,0,1,2,13,27,43,68,2022-10-23
PI,4,5,0,0,1,2,12,26,41.049999999999955,71,2022-10-30
PI,5,5,0,0,1,2,10,24,39,70.02499999999986,2022-11-06
PI,6,5,0,0,1,2,10.25,22,38,63.12499999999932,2022-11-13
PI,7,4,0,0,0,2,9,20,34,62.07499999999959,2022-11-20
PI,8,4,0,0,0,1,10,20,32,58,2022-11-27
PI,9,4,0,0,0,2,9,21,39,58.024999999999864,2022-12-04
PI,10,4,0,0,0,1,10,20,32.049999999999955,53,2022-12-11
PI,11,4,0,0,0,1,9,20,34.049999999999955,60.024999999999864,2022-12-18
PI,12,4,0,0,0,2,10,22,37,72,2022-12-25
PI,13,5,0,0,0.9000000000000057,2,12,28,48,71.02499999999986,2023-01-01
PI,14,5,0,0,0,2,12,26,47,82.04999999999973,2023-01-08
PI,15,6,0,0,1,2,15,32.100000000000136,55,89.2749999999985,2023-01-15
PI,16,7,0,0,1,3,17,36,63,103.02499999999986,2023-01-22
PI,17,8,0,0,1,3,19,44,79,123.14999999999918,2023-01-29
PI,18,10,0,1,1,4,23,51,82,131.0749999999996,2023-02-05
PI,19,11,0,1,2,5,26,63,106,175.12499999999932,2023-02-12
PI,20,14,1,1,3,6,33,75,133,225.22499999999877,2023-02-19
PI,21,18,1,2,3,8,40,88.10000000000014,143.0999999999999,227.22499999999877,2023-02-26
PI,22,22,1,3,4,10,53.25,116.10000000000014,206.24999999999977,348.1499999999992,2023-03-05
PI,23,28,2,3,6,12,67,153,258.04999999999995,487.1499999999992,2023-03-12
PI,24,35,3,5,7,15,83,186,329.39999999999964,545.1249999999993,2023-03-19
PI,25,43,3.9750000000000014,6,9,20,99,235,400.1999999999998,711.0499999999997,2023-03-26
PI,26,55,4,7,12,23,124,282.10000000000014,487.5499999999995,798.1499999999992,2023-04-02
PI,27,60,5,8,13,26,149.25,321.2000000000003,541.4499999999996,862.2249999999988,2023-04-09
PI,28,70,6,10,16,32,157,348.3000000000004,603.2499999999998,1099.2749999999985,2023-04-16
PI,29,80,7,12,17.900000000000006,36,189.25,424.2000000000003,776.2499999999998,1334.0499999999997,2023-04-23
PI,30,83,7,11,17,38,199,477,894.4999999999995,1394.1249999999939,2023-04-30
PI,31,83,7,12,19,38,202,441.3000000000004,796.1999999999998,1190.199999999999,2023-05-07
PI,32,86,9.975000000000001,14,21,41,184,430.70000000000095,686.7999999999984,1352.3749999999925,2023-05-14
PI,33,83,9,13,21,39,182,412.10000000000014,829.5499999999995,1474.5749999999969,2023-05-21
PI,34,78,8,12,17,35,170,375,632.0999999999999,1229.174999999999,2023-05-28
PI,35,71,7,11,16,33,152,357.10000000000014,594,1049.2749999999985,2023-06-04
PI,36,66.5,6,10,15,29,144,334.40000000000055,547.05,1008.0249999999944,2023-06-11
PI,37,60.5,6,9,14,27,136,307,523.2499999999998,899,2023-06-18
PI,38,53,5,9,13,25,116,252.20000000000027,468.0999999999999,888.024999999989,2023-06-25
PI,39,49,4,6,11,22,109,244.20000000000027,398,740.374999999998,2023-07-02
PI,40,46,5,7,10,21,95.25,213,382.0999999999999,665.9499999999948,2023-07-09
PI,41,38,4,6,9,18,86,183.10000000000014,299.04999999999995,488.02499999999986,2023-07-16
PI,42,34,3,5,8,17,75,164.10000000000014,289.0999999999999,424.0499999999997,2023-07-23
PI,43,31,2,4,6,14,68,146,261.0999999999999,449.2249999999988,2023-07-30
PI,44,25,2,4,6,12,57.25,122,224,386.1499999999992,2023-08-06
PI,45,23,2,3,5,11,48,110,182,311.02499999999986,2023-08-13
PI,46,18,1,2,4,8,42,90,144.14999999999986,248.09999999999945,2023-08-20
PI,47,15,1,2,3,7,34,75,134,222.04999999999973,2023-08-27
PI,48,13,1,1,2,6,28,64,115.04999999999995,182.0749999999996,2023-09-03
PI,49,11,0.9750000000000014,1,2,5,26,51.100000000000136,86.04999999999995,148.12499999999932,2023-09-10
PI,50,10,0,1,2,4,21,42,75,149,2023-09-17
PI,51,8,0,1,1,4,19,40,66,108.07499999999959,2023-09-24
PI,52,8,0,1,1,3,17,35.100000000000136,58.049999999999955,90.09999999999945,2023-10-01
PR,1,2,0,0,0,1,3,6,9,12,2022-10-09
PR,2,2,0,0,0,1,4,7,10,14,2022-10-16
PR,3,2,0,0,0,1,4,7,11,14.024999999999864,2022-10-23
PR,4,3,0,0,0,1,5,9,12,16,2022-10-30
PR,5,3,0,0,0,1,5,9,12,17.024999999999864,2022-11-06
PR,6,3,0,0,0,1,6,10,14,19,2022-11-13
PR,7,3,0,0,1,2,6,10,14,18.024999999999864,2022-11-20
PR,8,3,0,0,1,2,6,11,15,21,2022-11-27
PR,9,4,0,0,1,2,7,11,16,23,2022-12-04
PR,10,4,0,0,1,2,7,12,17,24,2022-12-11
PR,11,4,0,0,1,2,8,14,19,27,2022-12-18
PR,12,5,0,1,1,3,9,17,24,33.024999999999864,2022-12-25
PR,13,6,0,1,2,3,11,18,25,34,2023-01-01
PR,14,7,1,1,2,4,12,21,31,47,2023-01-08
PR,15,8,1,1,2,4,15,24,34,47,2023-01-15
PR,16,10,1,2,3,5,17,27,41,53,2023-01-22
PR,17,11,2,2,4,6,20,34,50,70,2023-01-29
PR,18,13,2,3,5,8,22,39,57,80.02499999999986,2023-02-05
PR,19,15,3,4,5,9,26,45.100000000000136,66,86.04999999999973,2023-02-12
PR,20,17,3,4,6,10,30,52,73.04999999999995,103.02499999999986,2023-02-19
PR,21,19,3,5,7,11,33,55,77,108,2023-02-26
PR,22,20,3,5,6,11,34,57,77,106,2023-03-05
PR,23,19,3,4.950000000000003,6,11,33,54,74,112.02499999999986,2023-03-12
PR,24,18,3,5,6,11,33,53,70.04999999999995,101,2023-03-19
PR,25,17,3,4,6,10,30,49.100000000000136,70,97.04999999999973,2023-03-26
PR,26,16,2,4,5,9,26,43,64,94.14999999999918,2023-04-02
PR,27,14,2,3,5,8,24,41,58,82.02499999999986,2023-04-09
PR,28,12,2,3,4,7,21,35.100000000000136,47.049999999999955,63.024999999999864,2023-04-16
PR,29,11,1,2,4,7,19,32,44,61,2023-04-23
PR,30,10,2,2,3,5,17,28,38.049999999999955,52.04999999999973,2023-04-30
PR,31,8,1,1,2,4,14,25,33,46,2023-05-07
PR,32,7,1,1,2,4,12,20,26,34.024999999999864,2023-05-14
PR,33,6,0,1,1,3,10,16,22.049999999999955,32,2023-05-21
PR,34,5,0,0,1,2,8,14,20,25.024999999999864,2023-05-28
PR,35,4,0,0,1,2,6,11,16,22,2023-06-04
PR,36,3,0,0,0,1,5,9,12.049999999999955,18,2023-06-11
PR,37,3,0,0,0,1,5,8,11,15,2023-06-18
PR,38,2,0,0,0,1,4,7,10,13.024999999999864,2023-06-25
PR,39,2,0,0,0,1,4,6,8,12,2023-07-02
PR,40,2,0,0,0,1,3,5,7,11,2023-07-09
PR,41,1,0,0,0,0,3,5,7,10,2023-07-16
PR,42,1,0,0,0,0,3,5,7,9,2023-07-23
PR,43,1,0,0,0,0,3,4,6,8,2023-07-30
PR,44,1,0,0,0,0,2,4,6,8,2023-08-06
PR,45,1,0,0,0,0,2,4,6,8,2023-08-13
PR,46,1,0,0,0,0,2,4,6,7.024999999999864,2023-08-20
PR,47,1,0,0,0,0,2,4,5,7,2023-08-27
PR,48,1,0,0,0,0,3,4,6,8,2023-09-03
PR,49,1,0,0,0,0,3,5,6,9,2023-09-10
PR,50,1,0,0,0,0,3,5,7,9.024999999999864,2023-09-17
PR,51,1,0,0,0,0,3,5,7,10,2023-09-24
PR,52,2,0,0,0,1,3,6,8,10,2023-10-01
RJ,1,39,0,1,2,10,130,374.2000000000003,697.8499999999992,1270.5999999999858,2022-10-09
RJ,2,40.5,0,1,3,12,137,422.6000000000008,821.6999999999994,1451.4499999999975,2022-10-16
RJ,3,43,0,1,3,11,145,464.2000000000003,876.6499999999994,1530.0499999999943,2022-10-23
RJ,4,41,0,1,3,12,151,486.70000000000095,934.3499999999997,1575.2499999999986,2022-10-30
RJ,5,47,0,1,3,13,158.25,466.40000000000055,863.2499999999989,1540.7749999999958,2022-11-06
RJ,6,49,0,1,3,14,156,499.2000000000003,980.05,1660.5999999999967,2022-11-13
RJ,7,47,0,1,3,14,163.25,516.1000000000001,1009.1999999999998,1871.4999999999864,2022-11-20
RJ,8,53,0,1,4,15,178.25,543.5000000000007,1089.2499999999998,2124.349999999998,2022-11-27
RJ,9,53,0,1,3.9000000000000057,15,178.25,468.5000000000007,955.8499999999992,1880.099999999994,2022-12-04
RJ,10,53.5,1,1.9500000000000028,4,14,189,605.1000000000001,1216.4999999999995,2065.349999999998,2022-12-11
RJ,11,55.5,0,1,3,16,194,558.3000000000018,1155.9999999999982,2320.399999999987,2022-12-18
RJ,12,60,1,1,4,17,197.25,633.3000000000004,1298.3499999999988,2361.649999999991,2022-12-25
RJ,13,61,1,2,5,17,218.75,672.3000000000004,1316.5499999999995,2318.2749999999987,2023-01-01
RJ,14,69,0.9750000000000014,2,5,18.75,233.25,720.500000000002,1303.3499999999988,3004.0499999999997,2023-01-08
RJ,15,78,1,2,6,20,267.25,814.1000000000001,1686.6999999999994,2943.524999999997,2023-01-15
RJ,16,80,1,2,6,23,269.25,813.5000000000007,1622.7499999999993,3004.274999999993,2023-01-22
RJ,17,82,1,2,6,22,282.5,857.1000000000001,1744.1499999999999,3049.2749999999933,2023-01-29
RJ,18,92,1,2,6,26,332.25,968.1000000000015,1899.1999999999998,3771.649999999996,2023-02-05
RJ,19,100,1,3,7.900000000000006,28,341.5,1032.9000000000012,2025.1999999999998,3859.2249999999985,2023-02-12
RJ,20,109,1,3,8,31,367.75,1135.6000000000022,2100.2999999999997,3758.5749999999366,2023-02-19
RJ,21,122.5,1,3,8,33,441.25,1293.9000000000012,2467.1000000000004,4246.199999999999,2023-02-26
RJ,22,139,1,4,10,39,510,1606.700000000001,2954.7999999999993,5254.799999999996,2023-03-05
RJ,23,162,2,5,11,45,555.25,1684.2000000000003,3112.6499999999987,6553.749999999958,2023-03-12
RJ,24,189.5,3,6,14,54,658.75,2044.400000000002,3815.4999999999986,6903.849999999985,2023-03-19
RJ,25,209,3,7,15,58,724.5,2070.900000000004,4087.35,7554.249999999999,2023-03-26
RJ,26,245.5,4,8,16,65,833,2451.4000000000005,4886.5999999999985,9360.574999999973,2023-04-02
RJ,27,258.5,4,8,19,67,864,2591,5003.0999999999985,8799.274999999954,2023-04-09
RJ,28,272.5,4,9.950000000000003,20.900000000000006,74,878,2712.7000000000157,5616.099999999997,11479.974999999946,2023-04-16
RJ,29,283.5,4,9,23,80,944.75,3007.300000000002,5586.499999999998,10030.349999999955,2023-04-23
RJ,30,287,4,8,20,80,988.75,2802.7000000000007,6100.099999999998,12175.049999999983,2023-04-30
RJ,31,279.5,3,8,20,79,920.5,2809.7000000000007,5431.949999999999,10583.324999999992,2023-05-07
RJ,32,266.5,4,8,18,73,903.25,2679.500000000002,5520.449999999998,10169.699999999973,2023-05-14
RJ,33,241,3,9,19,65.75,810,2566.2000000000016,5063.899999999999,9040.074999999999,2023-05-21
RJ,34,207,3,7,17,59.75,706.25,2049.2000000000003,4586.899999999998,8988.97499999999,2023-05-28
RJ,35,206.5,3,6,13,47.75,668.5,2085.9000000000015,4258.199999999991,7697.199999999999,2023-06-04
RJ,36,166,2,5,12,49,591,1920.5000000000007,3772.3999999999996,7195.649999999986,2023-06-11
RJ,37,153.5,2,5,12,41,503.25,1621.5000000000007,2995.3499999999967,5268.049999999989,2023-06-18
RJ,38,129.5,2,4,10,35,454.5,1366.1000000000001,2731.3,4907.149999999999,2023-06-25
RJ,39,121.5,2,3,7,32,390,1238,2432.449999999999,5274.099999999994,2023-07-02
RJ,40,97,1,3,7,26,329.25,1042.1000000000015,1849.05,3748.7999999999956,2023-07-09
RJ,41,86,1,3,6,24,280.25,862.5000000000007,1720.1,2765.075,2023-07-16
RJ,42,73,1,2,5,20.75,251.25,667.9000000000012,1422.4499999999969,2690.724999999996,2023-07-23
RJ,43,64,0,2,4,16,216,662.500000000002,1282,2259.3249999999875,2023-07-30
RJ,44,52,0,2,4,14,186,528.2000000000003,1067.3499999999997,1837.5249999999917,2023-08-06
RJ,45,43,0,1,3,12,160.25,556.1000000000001,977.0999999999999,1772.3999999999978,2023-08-13
RJ,46,42,0,1,3,11,145,438,774.1999999999998,1363.8499999999954,2023-08-20
RJ,47,37,0,1,3,10,129,377.5000000000007,657.0999999999999,1443.2249999999988,2023-08-27
RJ,48,35,0,1,2,9,119,371.10000000000014,693.4499999999996,1314.2749999999985,2023-09-03
RJ,49,34,0,1,2,9,114,349.2000000000003,725.05,1342.6999999999962,2023-09-10
RJ,50,33,0,1,2,8,116,378,773.0999999999999,1313.2749999999985,2023-09-17
RJ,51,34,0,1,2,9,118,356.2000000000003,716.05,1265.549999999986,2023-09-24
RJ,52,38,0,1,2,10,124,359,692.5999999999995,1290.2999999999984,2023-10-01
RN,1,52,5,7,12,24,110,220,338.14999999999986,498.37499999999795,2022-10-09
RN,2,46,4,6,10,21,96,204,304.04999999999995,439.09999999999945,2022-10-16
RN,3,40,4,6,10,20,88,179,285.04999999999995,501.4749999999974,2022-10-23
RN,4,37,3,5,8,17,75,148,234.04999999999995,336.1249999999993,2022-10-30
RN,5,33,3,4,7,16,69.25,134.10000000000014,234.0999999999999,387.02499999999986,2022-11-06
RN,6,32,2,4,7,15,65.25,135,195,290.0499999999997,2022-11-13
RN,7,27,2,4,6,13,59,117,174.04999999999995,281.0499999999997,2022-11-20
RN,8,25,2,3,6,12,52,110,181.04999999999995,260.0499999999997,2022-11-27
RN,9,26,2,3,5,12,54,106,173,263.0499999999997,2022-12-04
RN,10,25,2,3,5,11,57,114.20000000000027,165.14999999999986,232,2022-12-11
RN,11,24,2,3,5,12,50,101.10000000000014,173,274,2022-12-18
RN,12,25,2,3,5,11,52,106.10000000000014,172.04999999999995,247.09999999999945,2022-12-25
RN,13,27,2,3,6,12,58,117,201,288.0499999999997,2023-01-01
RN,14,31,2,4,6,14,67,132.10000000000014,212.04999999999995,326.1999999999989,2023-01-08
RN,15,34,2.9750000000000014,4,7.900000000000006,16,76,162.10000000000014,251.04999999999995,371.02499999999986,2023-01-15
RN,16,43,2.9750000000000014,5,9,19,91,197,310,436.09999999999945,2023-01-22
RN,17,46,4,6,9,20,103,214.10000000000014,348.04999999999995,531,2023-01-29
RN,18,57,5,8,12,27,125,249.10000000000014,442.2499999999998,682.3249999999982,2023-02-05
RN,19,72,6,10,16,33,152.25,310,470.04999999999995,730.1999999999989,2023-02-12
RN,20,85,8,12,20,41,190.25,379,591.1999999999998,950.0749999999996,2023-02-19
RN,21,99,10,15,23,47,212,416.10000000000014,675.2999999999997,997.174999999999,2023-02-26
RN,22,112,10.975000000000001,14,24,50,241.25,500,750.0999999999999,1090,2023-03-05
RN,23,123.5,10,17,28,58,258.25,510.8000000000011,836.1499999999999,1210.5249999999971,2023-03-12
RN,24,132,13,19,31,62,273,539.2000000000003,849.05,1187.4499999999975,2023-03-19
RN,25,139,13,20,34,67,292,597,984.7999999999993,1544.0499999999997,2023-03-26
RN,26,152,14,22,34,70.75,316,638.4000000000005,1040.5499999999995,1495.7749999999958,2023-04-02
RN,27,155.5,16,24,37,75,316.25,644,1006,1406.549999999997,2023-04-09
RN,28,165,15,25,38,76.75,360.75,720.1000000000001,1172,1762.3249999999982,2023-04-16
RN,29,175,16,25,39,80,361,758.1000000000001,1174,1858.349999999998,2023-04-23
RN,30,190,18.975,29,44,90,390,821,1293.2499999999998,2009.349999999998,2023-04-30
RN,31,200,19,28,44.900000000000006,87,423,837.4000000000005,1342.1999999999998,1879.8249999999955,2023-05-07
RN,32,209,19,28,43,92,450.25,916.3000000000004,1496.7499999999984,2271.5499999999965,2023-05-14
RN,33,213,21,35,53,103,467.25,867.9000000000012,1262,1990.4749999999974,2023-05-21
RN,34,229.5,22,33,49.900000000000006,103,464,920,1418.3999999999996,2110.0999999999995,2023-05-28
RN,35,210,20.975,31,49,100.75,455,877.1000000000001,1393.8499999999992,2109.7249999999904,2023-06-04
RN,36,211,19,31,48,99,417,905.1000000000001,1447.1999999999998,2224.149999999999,2023-06-11
RN,37,200,20,32,50,98,440,850.8000000000011,1351.3499999999997,2132.1749999999993,2023-06-18
RN,38,200,21,28,45.900000000000006,93,421.5,886.2000000000003,1411.2999999999997,2068.0499999999997,2023-06-25
RN,39,199,19,30,45,91,398,801.2000000000003,1362.5999999999995,2067.574999999997,2023-07-02
RN,40,182,19.975,32,48,90.75,383,809.4000000000005,1332.3999999999996,1907.3749999999925,2023-07-09
RN,41,181,20.975,29,43,87,374.25,724.3000000000004,1112.2999999999997,1736.4249999999977,2023-07-16
RN,42,170,17,26,39,81,347,688.1000000000001,1055.05,1538.0749999999996,2023-07-23
RN,43,163,16,24,38,75,331.25,667.1000000000001,965.2499999999998,1437.0749999999996,2023-07-30
RN,44,145,14.975000000000001,21,32,67,294,608,973.2499999999998,1421.0249999999999,2023-08-06
RN,45,130.5,12,19,31,63,274,528.1000000000001,746.7499999999993,1227.0749999999996,2023-08-13
RN,46,113,12,19,30,57,237.25,474,824.3999999999996,1288.0499999999997,2023-08-20
RN,47,103,9,14,24,47,223.25,441.10000000000014,652,976.2249999999988,2023-08-27
RN,48,95.5,9,15,22,43,186.25,363,595.05,853.3999999999978,2023-09-03
RN,49,84,7,12,20,40,174,355.40000000000055,524.05,749.1249999999939,2023-09-10
RN,50,76,8,12,17,36,156.25,309.10000000000014,496.0999999999999,814.0249999999999,2023-09-17
RN,51,65,7,10,16,32,137,265,381.2999999999997,559.0999999999995,2023-09-24
RN,52,59,5,8,14,29,124,244,367.14999999999986,537.0999999999995,2023-10-01
RO,1,1,0,0,0,0,2,5,8,12,2022-10-09
RO,2,1,0,0,0,0,3,5,8,11,2022-10-16
RO,3,1,0,0,0,0,3,6,9,14,2022-10-23
RO,4,1,0,0,0,0,3,7,10,15.024999999999864,2022-10-30
RO,5,1,0,0,0,0,3,7,10,15.024999999999864,2022-11-06
RO,6,2,0,0,0,0,4,8,12,19.024999999999864,2022-11-13
RO,7,2,0,0,0,1,4,9,14,21,2022-11-20
RO,8,2,0,0,0,1,5,9,14,20.024999999999864,2022-11-27
RO,9,2,0,0,0,1,5,10,16,22,2022-12-04
RO,10,3,0,0,0,1,6,11,18,28,2022-12-11
RO,11,3,0,0,0,1,7,13,20,31.024999999999864,2022-12-18
RO,12,4,0,0,0,1,8,15,23,32.024999999999864,2022-12-25
RO,13,4,0,0,0,2,9,16,26,39,2023-01-01
RO,14,5,0,0,1,2,10,18,31,46.024999999999864,2023-01-08
RO,15,5,0,0,1,2,10,20,33,52,2023-01-15
RO,16,6,0,0,1,3,13,26,45,62,2023-01-22
RO,17,7,0,1,1,3,15,28,47,70.02499999999986,2023-01-29
RO,18,7,0,1,1,3,15,29,44,72,2023-02-05
RO,19,7,0,1,1,3,15,32,50,78.02499999999986,2023-02-12
RO,20,8,0,1,1,3,17,33,50,75.07499999999959,2023-02-19
RO,21,8,0,1,1,4,16,31,49,79.04999999999973,2023-02-26
RO,22,8,0,1,1,3,16,29.100000000000136,44.049999999999955,69,2023-03-05
RO,23,7,0,0,1,3,15,32,51,79.07499999999959,2023-03-12
RO,24,7,0,0,1,3,14,28,43.049999999999955,72,2023-03-19
RO,25,6,0,0,1,3,13,26,41,65.02499999999986,2023-03-26
RO,26,6,0,0,1,2,12,23,34.049999999999955,51.04999999999973,2023-04-02
RO,27,5,0,0,1,2,10,20,31,46,2023-04-09
RO,28,4,0,0,0,2,8,17,23,33,2023-04-16
RO,29,3,0,0,0,1,7,15,24,35,2023-04-23
RO,30,3,0,0,0,1,7,12,17,24,2023-04-30
RO,31,2,0,0,0,1,6,11,17,24,2023-05-07
RO,32,2,0,0,0,1,5,10,15,21,2023-05-14
RO,33,2,0,0,0,1,4.25,9,13,18,2023-05-21
RO,34,2,0,0,0,1,4,8,12,19,2023-05-28
RO,35,2,0,0,0,0,4,7,11,15,2023-06-04
RO,36,2,0,0,0,0,3,7,9.049999999999955,14.024999999999864,2023-06-11
RO,37,1,0,0,0,0,4,7,10,15,2023-06-18
RO,38,1,0,0,0,0,3,6,9,14,2023-06-25
RO,39,1,0,0,0,0,3,6,9,12,2023-07-02
RO,40,1,0,0,0,0,3,6,9,14,2023-07-09
RO,41,1,0,0,0,0,3,6,9,12,2023-07-16
RO,42,1,0,0,0,0,3,5,8,12,2023-07-23
RO,43,1,0,0,0,0,3,5,8,12,2023-07-30
RO,44,1,0,0,0,0,3,5,8,12.024999999999864,2023-08-06
RO,45,1,0,0,0,0,2,5,7,11,2023-08-13
RO,46,1,0,0,0,0,2,5,8,12,2023-08-20
RO,47,1,0,0,0,0,2,5,8,12,2023-08-27
RO,48,1,0,0,0,0,2,5,7,12,2023-09-03
RO,49,1,0,0,0,0,2,5,7,11,2023-09-10
RO,50,1,0,0,0,0,2,5,7,10,2023-09-17
RO,51,1,0,0,0,0,2,5,7,11,2023-09-24
RO,52,1,0,0,0,0,2,5,7,10.024999999999864,2023-10-01
RR,1,1,0,0,0,0,5,17,40,77,2022-10-09
RR,2,1,0,0,0,0,5,19,41.049999999999955,76,2022-10-16
RR,3,1,0,0,0,0,6,19,42.049999999999955,86,2022-10-23
RR,4,1,0,0,0,0,5,19,48.049999999999955,93.02499999999986,2022-10-30
RR,5,1,0,0,0,0,5,17,39,72.02499999999986,2022-11-06
RR,6,1,0,0,0,0,4,14,33,63,2022-11-13
RR,7,1,0,0,0,0,5,15,32,57.04999999999973,2022-11-20
RR,8,1,0,0,0,0,4,13,28.049999999999955,51,2022-11-27
RR,9,1,0,0,0,0,3,11,24,46.024999999999864,2022-12-04
RR,10,1,0,0,0,0,3,10,21,44.07499999999959,2022-12-11
RR,11,0,0,0,0,0,2,8,18,31.049999999999727,2022-12-18
RR,12,0,0,0,0,0,2,7,16.049999999999955,33.024999999999864,2022-12-25
RR,13,0,0,0,0,0,2,7.100000000000136,16,33.024999999999864,2023-01-01
RR,14,0,0,0,0,0,2,7,15,27,2023-01-08
RR,15,0,0,0,0,0,2,6,13,26.024999999999864,2023-01-15
RR,16,0,0,0,0,0,2,7,13,28.024999999999864,2023-01-22
RR,17,0,0,0,0,0,2,6,14,27,2023-01-29
RR,18,0,0,0,0,0,2,7,15,30.024999999999864,2023-02-05
RR,19,0,0,0,0,0,2,7,15,28.024999999999864,2023-02-12
RR,20,0,0,0,0,0,2,8,15,32,2023-02-19
RR,21,0,0,0,0,0,2,8,16,42.04999999999973,2023-02-26
RR,22,1,0,0,0,0,3,9,19,35.024999999999864,2023-03-05
RR,23,0,0,0,0,0,3,11,21.049999999999955,43,2023-03-12
RR,24,1,0,0,0,0,3,11,23,40,2023-03-19
RR,25,1,0,0,0,0,3,12,23.049999999999955,42,2023-03-26
RR,26,1,0,0,0,0,4,12.100000000000136,28,53.024999999999864,2023-04-02
RR,27,1,0,0,0,0,3,13,28.049999999999955,53.024999999999864,2023-04-09
RR,28,1,0,0,0,0,3,12,26,50,2023-04-16
RR,29,1,0,0,0,0,4,13,32.049999999999955,68,2023-04-23
RR,30,1,0,0,0,0,4,14,31,61,2023-04-30
RR,31,1,0,0,0,0,4,16,32.049999999999955,57.04999999999973,2023-05-07
RR,32,1,0,0,0,0,5,16,33,59.024999999999864,2023-05-14
RR,33,1,0,0,0,0,5,17,39,83.17499999999905,2023-05-21
RR,34,1,0,0,0,0,5,18,36.049999999999955,81.02499999999986,2023-05-28
RR,35,1,0,0,0,0,5,18,38.09999999999991,78.02499999999986,2023-06-04
RR,36,1,0,0,0,0,6,19,37,71.02499999999986,2023-06-11
RR,37,1,0,0,0,0,6,20,39.049999999999955,75.07499999999959,2023-06-18
RR,38,1,0,0,0,0,5,20,42,83,2023-06-25
RR,39,1,0,0,0,0,6,21,43,82.02499999999986,2023-07-02
RR,40,1,0,0,0,0,6,20,47,96.02499999999986,2023-07-09
RR,41,1,0,0,0,0,5,18.100000000000136,43.09999999999991,86.07499999999959,2023-07-16
RR,42,1,0,0,0,0,5,19,41.09999999999991,79.14999999999918,2023-07-23
RR,43,1,0,0,0,0,5,18,35,72.07499999999959,2023-07-30
RR,44,1,0,0,0,0,4,19,41,72.02499999999986,2023-08-06
RR,45,1,0,0,0,0,4,15,32,67,2023-08-13
RR,46,1,0,0,0,0,5,15,30.049999999999955,65,2023-08-20
RR,47,1,0,0,0,0,4,14,30,52.024999999999864,2023-08-27
RR,48,1,0,0,0,0,4,14.100000000000136,29,60.04999999999973,2023-09-03
RR,49,1,0,0,0,0,4,14,31,60.024999999999864,2023-09-10
RR,50,1,0,0,0,0,4,14,31.049999999999955,67,2023-09-17
RR,51,1,0,0,0,0,4,15,32,56.04999999999973,2023-09-24
RR,52,1,0,0,0,0,5,17,31,75,2023-10-01
RS,1,1,0,0,0,0,1,3,4,6,2022-10-09
RS,2,1,0,0,0,0,1,3,4,6,2022-10-16
RS,3,1,0,0,0,0,1,3,4,5,2022-10-23
RS,4,1,0,0,0,0,2,3,4,6,2022-10-30
RS,5,1,0,0,0,0,2,3,4,7,2022-11-06
RS,6,1,0,0,0,0,2,3,5,7,2022-11-13
RS,7,1,0,0,0,0,2,4,5,8,2022-11-20
RS,8,1,0,0,0,0,2,4,5.0499999999999545,8,2022-11-27
RS,9,1,0,0,0,0,2,4,6,9,2022-12-04
RS,10,1,0,0,0,0,2,4,6,9,2022-12-11
RS,11,1,0,0,0,0,3,5,7,10.024999999999864,2022-12-18
RS,12,2,0,0,0,1,3,5,8,12,2022-12-25
RS,13,2,0,0,0,1,3,6,9,14,2023-01-01
RS,14,2,0,0,0,1,4,6.100000000000136,9,15,2023-01-08
RS,15,2,0,0,0,1,4,8,12,17.024999999999864,2023-01-15
RS,16,3,0,0,0,1,5,9,12.049999999999955,18,2023-01-22
RS,17,3,0,0,1,1,6,10,14,21,2023-01-29
RS,18,4,0,0,1,2,6,10,16,22,2023-02-05
RS,19,4,0,0,1,2,7,12,20,28,2023-02-12
RS,20,4,0,1,1,2,8,14,20,30,2023-02-19
RS,21,5,0,1,1,3,9,16,23.049999999999955,37.024999999999864,2023-02-26
RS,22,6,0,1,2,3,11,21,30,45.024999999999864,2023-03-05
RS,23,6,1,1,2,4,12,21,34,59.04999999999973,2023-03-12
RS,24,7,1,1,2,4,13,25,42,62,2023-03-19
RS,25,7,1,1,2,4,13,25,38,53,2023-03-26
RS,26,7,1,1,2,4,14,25,41,58,2023-04-02
RS,27,7,1,1,2,4,13,23,36,53,2023-04-09
RS,28,7,1,1,2,4,12,21,32,48,2023-04-16
RS,29,6,0,1,2,3,10,19,29.049999999999955,44.024999999999864,2023-04-23
RS,30,5,0,1,2,3,9,16,25,39.024999999999864,2023-04-30
RS,31,4,0,0,1,2,8,14,20,30.024999999999864,2023-05-07
RS,32,4,0,0,1,2,6,11,17,24,2023-05-14
RS,33,3,0,0,1,1,5,9,13,21.024999999999864,2023-05-21
RS,34,2,0,0,0,1,4,8,11,18,2023-05-28
RS,35,2,0,0,0,1,4,6,10,14.024999999999864,2023-06-04
RS,36,2,0,0,0,1,3,6,8,12,2023-06-11
RS,37,2,0,0,0,1,3,5,8,12,2023-06-18
RS,38,1,0,0,0,0,3,5,7,10.024999999999864,2023-06-25
RS,39,1,0,0,0,0,3,4,6,8,2023-07-02
RS,40,1,0,0,0,0,2,4,6,8,2023-07-09
RS,41,1,0,0,0,0,2,4,6,9,2023-07-16
RS,42,1,0,0,0,0,2,4,5,8,2023-07-23
RS,43,1,0,0,0,0,2,3,5,7,2023-07-30
RS,44,1,0,0,0,0,2,3,5,7,2023-08-06
RS,45,1,0,0,0,0,2,3,4,6,2023-08-13
RS,46,1,0,0,0,0,2,3,4,5,2023-08-20
RS,47,1,0,0,0,0,2,3,4,5,2023-08-27
RS,48,1,0,0,0,0,2,3,4,5,2023-09-03
RS,49,1,0,0,0,0,1,3,4,5.024999999999864,2023-09-10
RS,50,1,0,0,0,0,1,3,4,5,2023-09-17
RS,51,1,0,0,0,0,1,2,3,5,2023-09-24
RS,52,1,0,0,0,0,1,3,3.0499999999999545,5,2023-10-01
SC,1,1,0,0,0,0,2,3,5,6,2022-10-09
SC,2,1,0,0,0,0,2,4,5,7,2022-10-16
SC,3,1,0,0,0,0,2,4,5,7,2022-10-23
SC,4,1,0,0,0,0,2,4,6,7,2022-10-30
SC,5,1,0,0,0,0,2,4,6,9,2022-11-06
SC,6,2,0,0,0,1,3,5,7,10,2022-11-13
SC,7,2,0,0,0,1,3,6,8,12,2022-11-20
SC,8,2,0,0,0,1,4,7,9,13,2022-11-27
SC,9,2,0,0,0,1,4,8,11,15,2022-12-04
SC,10,3,0,0,0,1,5,9,12,17,2022-12-11
SC,11,3,0,0,1,2,6,10,13,17.024999999999864,2022-12-18
SC,12,4,0,0,1,2,7,11.100000000000136,16,24,2022-12-25
SC,13,4,0,0,1,2,7,13,19,31,2023-01-01
SC,14,5,0,1,1,3,8,15,22,31.024999999999864,2023-01-08
SC,15,5,0,1,1,3,10,17,24,45,2023-01-15
SC,16,6,1,1,2,3,11,20,32,48.024999999999864,2023-01-22
SC,17,7,1,1,2,4,12.25,23,38.049999999999955,65.04999999999973,2023-01-29
SC,18,8,1,1,2,4,14,27,46.049999999999955,82.09999999999945,2023-02-05
SC,19,8,1,2,3,4,15,30,55,98.02499999999986,2023-02-12
SC,20,9,1,2,3,5,16,34,54,97.09999999999945,2023-02-19
SC,21,9,1,2,3,5,15,31,53,98.02499999999986,2023-02-26
SC,22,9,1,2,3,5,16,32,53.049999999999955,104,2023-03-05
SC,23,8,1,2,3,5,15,30,51,89,2023-03-12
SC,24,8,1,1,2,4,15,28,48.049999999999955,80.04999999999973,2023-03-19
SC,25,8,1,1,2,4,14,26,40,69.02499999999986,2023-03-26
SC,26,7,1,1,2,4,12,24,39.049999999999955,61.024999999999864,2023-04-02
SC,27,7,1,1,2,4,12,22,36.049999999999955,57.04999999999973,2023-04-09
SC,28,6,1,1,2,3,11,20,30.049999999999955,49,2023-04-16
SC,29,6,0,1,2,3,10,18,27,39,2023-04-23
SC,30,5,0,1,1,3,9,16,25,37.024999999999864,2023-04-30
SC,31,5,0,1,1,2,9,15,25,45,2023-05-07
SC,32,4,0,1,1,2,8,14,21,33,2023-05-14
SC,33,4,0,0,1,2,7,12,19,30,2023-05-21
SC,34,4,0,0,1,2,7,11,16,26.024999999999864,2023-05-28
SC,35,3,0,0,1,2,6,10,16,22,2023-06-04
SC,36,3,0,0,1,1,5,9,13,19,2023-06-11
SC,37,3,0,0,0,1,5,8,12,17,2023-06-18
SC,38,2,0,0,0,1,4,7,11,16,2023-06-25
SC,39,2,0,0,0,1,4,7,10,14,2023-07-02
SC,40,2,0,0,0,1,3,6,9,12.024999999999864,2023-07-09
SC,41,2,0,0,0,1,3,5,8,12,2023-07-16
SC,42,1,0,0,0,0,3,5,8,10,2023-07-23
SC,43,1,0,0,0,0,3,5,7,9,2023-07-30
SC,44,1,0,0,0,0,2,4,6,9,2023-08-06
SC,45,1,0,0,0,0,2,4,6,8,2023-08-13
SC,46,1,0,0,0,0,2,4,5,8,2023-08-20
SC,47,1,0,0,0,0,2,4,5,7,2023-08-27
SC,48,1,0,0,0,0,2,3,5,6,2023-09-03
SC,49,1,0,0,0,0,2,3,4,6,2023-09-10
SC,50,1,0,0,0,0,2,3,5,6,2023-09-17
SC,51,1,0,0,0,0,2,3,4,6,2023-09-24
SC,52,1,0,0,0,0,2,3,5,6.024999999999864,2023-10-01
SE,1,15,0,0,0,3,78,278.40000000000055,667.2499999999998,1581.0749999999996,2022-10-09
SE,2,12.5,0,0,0,2,70.25,273.10000000000014,600.0999999999999,1282.1499999999992,2022-10-16
SE,3,12,0,0,0,2,53,240.40000000000055,654.1999999999998,1451.6999999999962,2022-10-23
SE,4,11,0,0,0,2,46.25,170.10000000000014,445.0999999999999,894.1249999999993,2022-10-30
SE,5,9,0,0,0,2,43,186.10000000000014,432.3499999999997,1098.2499999999986,2022-11-06
SE,6,8,0,0,0,1,39,153.20000000000027,368.14999999999986,786.3999999999978,2022-11-13
SE,7,7,0,0,0,1,33,128.40000000000055,305.04999999999995,709.0249999999999,2022-11-20
SE,8,6,0,0,0,1,32,129,299.04999999999995,651.5249999999971,2022-11-27
SE,9,7,0,0,0,1,28.25,102.10000000000014,275.14999999999986,641.6999999999962,2022-12-04
SE,10,6,0,0,0,1,27,103.20000000000027,233.4499999999996,657.1999999999989,2022-12-11
SE,11,6,0,0,0,1,23.25,102.10000000000014,257.14999999999986,516.1499999999992,2022-12-18
SE,12,5,0,0,0,1,24,89.10000000000014,243.19999999999982,566.374999999998,2022-12-25
SE,13,5,0,0,0,1,24,111.10000000000014,226.39999999999964,513,2023-01-01
SE,14,5,0,0,0,1,26,92.10000000000014,207.5499999999995,447.0749999999996,2023-01-08
SE,15,6,0,0,0,1,27,104,258.1999999999998,623.4999999999973,2023-01-15
SE,16,6,0,0,0,1,28,122.10000000000014,279.04999999999995,614.0499999999997,2023-01-22
SE,17,7,0,0,0,1,33,133,283,622.0249999999944,2023-01-29
SE,18,7,0,0,0,1,33,129.10000000000014,268.14999999999986,665.2499999999986,2023-02-05
SE,19,7,0,0,0,1,34,137,350.2999999999997,874.3249999999982,2023-02-12
SE,20,8,0,0,0,1,37,146.10000000000014,353.59999999999945,799.4999999999973,2023-02-19
SE,21,8,0,0,0,1,39,144.10000000000014,299.4499999999987,909.6999999999962,2023-02-26
SE,22,9,0,0,0,1,38,156,397.04999999999995,820.0749999999887,2023-03-05
SE,23,9,0,0,0,1,42,162.10000000000014,395,889.4499999999975,2023-03-12
SE,24,8,0,0,0,2,40.25,170.10000000000014,455.04999999999995,924.0249999999999,2023-03-19
SE,25,8.5,0,0,0,2,44,168.20000000000027,402.2999999999997,786.8249999999846,2023-03-26
SE,26,10,0,0,0,2,47,208.10000000000014,513,1023.3499999999981,2023-04-02
SE,27,10,0,0,0,2,47,184.20000000000027,443.49999999999955,1035.6749999999963,2023-04-09
SE,28,10,0,0,0,2,47,196.10000000000014,516.4499999999996,1147.7999999999956,2023-04-16
SE,29,12,0,0,0,2,55,202,450.1999999999998,1212.3999999999978,2023-04-23
SE,30,12,0,0,0,2,53,210.40000000000055,562.1499999999999,1102.5249999999971,2023-04-30
SE,31,13,0,0,0,2,60,242.10000000000014,574.1999999999989,1399.6999999999962,2023-05-07
SE,32,14,0,0,0,3,61,238.3000000000004,586.3499999999988,1322.2249999999988,2023-05-14
SE,33,14,0,0,0,3,65,262.3000000000004,636,1332.9249999999895,2023-05-21
SE,34,15,0,0,0,3,67,295.10000000000014,745,1802.6749999999909,2023-05-28
SE,35,18,0,0,0,3,85.25,332.2000000000003,734.4999999999995,1358.5249999999862,2023-06-04
SE,36,18,0,0,0,3,88,361,856.2999999999997,1626.4499999999975,2023-06-11
SE,37,21,0,0,0.9000000000000057,4,105.25,408.3000000000004,985.3499999999997,2227.7999999999956,2023-06-18
SE,38,23,0,0,0,4,108.25,413.10000000000014,1221.7999999999993,2851.82499999999,2023-06-25
SE,39,25,0,0,1,5.75,127.25,561.4000000000005,1266.3499999999997,3196.049999999994,2023-07-02
SE,40,27,0,0,1,6,140,563.2000000000003,1409.4999999999995,2667.8249999999953,2023-07-09
SE,41,29,0,0,1,6,146.5,657.2000000000003,1401.099999999998,2981.2999999999984,2023-07-16
SE,42,36,0,0,1,7,159.25,690,1433.7999999999993,3630.424999999949,2023-07-23
SE,43,36,0,0,1,7,179.25,757.700000000001,1948.6499999999994,3924.4749999999976,2023-07-30
SE,44,37,0,0,1,7,174.25,640.1000000000001,1717.199999999998,4133.574999999986,2023-08-06
SE,45,35,0,0,1,7,166.25,715.500000000002,1740.1,3138.2249999999985,2023-08-13
SE,46,33,0,0,1,7,158,645.1000000000001,1587.2499999999998,3621.699999999996,2023-08-20
SE,47,34,0,0,1,7,152,654.4000000000005,1792.7499999999993,3900.374999999982,2023-08-27
SE,48,29,0,0,1,6,136.25,598.5000000000007,1394.1999999999998,2859.224999999982,2023-09-03
SE,49,28,0,0,1,6,129,482.10000000000014,1241.1999999999998,2862.699999999996,2023-09-10
SE,50,24,0,0,1,5,108.25,433.5000000000007,1069.2999999999997,2435.149999999977,2023-09-17
SE,51,22.5,0,0,1,5,105,372.3000000000004,872.3999999999996,1998.2249999999988,2023-09-24
SE,52,18,0,0,0.9000000000000057,4,84,298.10000000000014,778.3999999999996,1782.6999999999907,2023-10-01
SP,1,16,5,6,8,11,25,46,79.04999999999995,131.02499999999986,2022-10-09
SP,2,17,5,6,8,11,27,48,77,134.04999999999973,2022-10-16
SP,3,18,6,7,9,12,28,52,84.04999999999995,156.14999999999918,2022-10-23
SP,4,19,6,7,9,13,29,52,86,147.02499999999986,2022-10-30
SP,5,20,7,8,10,14,32,58,102,178.02499999999986,2022-11-06
SP,6,22,7,9,11,15,35,63,104.04999999999995,182,2022-11-13
SP,7,24,8,10,12,16,37,66,113.04999999999995,187.02499999999986,2022-11-20
SP,8,25,9,10,12,17,39,71,119,203.02499999999986,2022-11-27
SP,9,26,10,11,13,18,43,83,135.04999999999995,220.04999999999973,2022-12-04
SP,10,28,10,12,14,19,45,87,144,286.1249999999993,2022-12-11
SP,11,30,10.975000000000001,13,15,21,47,82.10000000000014,142,244.0749999999996,2022-12-18
SP,12,31,11,13,16,21,49,96,155,273.0499999999997,2022-12-25
SP,13,32,12,14,17,22,53,101,169,293.0499999999997,2023-01-01
SP,14,36,12,15,18,24,57,104.10000000000014,171.34999999999968,327.0499999999997,2023-01-08
SP,15,37,13.975000000000001,16,19,26,58,114.10000000000014,191.0999999999999,311.3249999999982,2023-01-15
SP,16,39.5,15,17,20,27,64,122,215.14999999999986,414.2749999999985,2023-01-22
SP,17,42,16,18,22,30,68,140,259.04999999999995,445.02499999999986,2023-01-29
SP,18,43,17,20,23,31,73,146,261.2999999999997,383.09999999999945,2023-02-05
SP,19,46,17,20,24,32,80,161,286,545.3499999999981,2023-02-12
SP,20,48,18,21,25,33,77,171.10000000000014,315.14999999999986,675.174999999999,2023-02-19
SP,21,50,19,21,25,34,84,175,320,621.0499999999997,2023-02-26
SP,22,51,17.975,21,26,35,91,199,339.14999999999986,640.0999999999995,2023-03-05
SP,23,51,19,22,26,35,90,200,374.3499999999997,718.5999999999967,2023-03-12
SP,24,51,19.975,22,26,35,90,195,379.49999999999955,710.1499999999992,2023-03-19
SP,25,50,18,21,25.900000000000006,35,88,191,349.0999999999999,610.0499999999997,2023-03-26
SP,26,51,17.975,21,25,35,89,192.40000000000055,374,691.1499999999992,2023-04-02
SP,27,50,17,20,24,33,89,197.20000000000027,343.04999999999995,644.0249999999999,2023-04-09
SP,28,46,17,20,23,31,82,187.10000000000014,362.2499999999998,648.2499999999986,2023-04-16
SP,29,44,16,18,22,30,79,188.10000000000014,356.4499999999996,550.174999999999,2023-04-23
SP,30,42,15,17,20,28,75,167.40000000000055,304.39999999999964,608.1499999999992,2023-04-30
SP,31,40,13.975000000000001,16,19,26,70,161,291,611.3999999999978,2023-05-07
SP,32,36,12,14,17,24,66,151,277.14999999999986,474.02499999999986,2023-05-14
SP,33,33,11,13,15,22,58,131,243.04999999999995,462.24999999999864,2023-05-21
SP,34,30,9,11,13,20,55,118,237.0999999999999,417.02499999999986,2023-05-28
SP,35,28,8,10,12.900000000000006,18,49,107,224.0999999999999,411.17499999999905,2023-06-04
SP,36,25,8,9,12,16,44,95,189,357.37499999999795,2023-06-11
SP,37,22,7,8,10,15,41,91,155.04999999999995,300.0749999999996,2023-06-18
SP,38,21,6,7,9.900000000000006,13,37,83,151.0999999999999,295.1249999999993,2023-06-25
SP,39,19,5.975000000000001,7,9,12,33,76,132,244.22499999999877,2023-07-02
SP,40,18,5,6,8,11,32,65.10000000000014,121,217.14999999999918,2023-07-09
SP,41,17,5,6,7,11,29,63,120,195,2023-07-16
SP,42,15,4,5,7,10,27,63.100000000000136,118,220.12499999999932,2023-07-23
SP,43,15,4,5,7,10,25,52,96,169.04999999999973,2023-07-30
SP,44,14,4,5,6,9,24,52,99,185.02499999999986,2023-08-06
SP,45,13.5,4,5,6,9,22,46,83,163.09999999999945,2023-08-13
SP,46,13,3,5,6,9,22,43,79,141.04999999999973,2023-08-20
SP,47,14,4,5,6,9,22,44,78,140,2023-08-27
SP,48,13,3,5,6,9,21,41,72,128.09999999999945,2023-09-03
SP,49,14,4,5,7,9,22,43,72.09999999999991,140.02499999999986,2023-09-10
SP,50,14,4,5,7,9,21,40,68,112,2023-09-17
SP,51,14,4,5,7,10,23,42,71.04999999999995,135.14999999999918,2023-09-24
SP,52,16,5,6,8,10,24,42.100000000000136,72.04999999999995,128.02499999999986,2023-10-01
TO,1,3,0,0,0,1,7,16,30,48.04999999999973,2022-10-09
TO,2,3,0,0,0,1,7,17,28,46,2022-10-16
TO,3,3,0,0,0,1,8,19,33,59.024999999999864,2022-10-23
TO,4,3,0,0,0,1,9,22,42,67.02499999999986,2022-10-30
TO,5,4,0,0,0,1,10,23.100000000000136,40,70.02499999999986,2022-11-06
TO,6,5,0,0,0,2,13,31,47,77,2022-11-13
TO,7,5,0,0,0,2,13.25,32.100000000000136,57,97,2022-11-20
TO,8,7,0,0,1,3,17,39.100000000000136,66,115.02499999999986,2022-11-27
TO,9,7,0,0,1,3,17,42,74.09999999999991,120.04999999999973,2022-12-04
TO,10,8,0,0,1,3,18,42,77.04999999999995,136.02499999999986,2022-12-11
TO,11,8,0,0,1,3,21,49,81,123,2022-12-18
TO,12,9,0,0,1,3,21,53,90,143.04999999999973,2022-12-25
TO,13,10,0,0,1,4,25,60,94.09999999999991,154.12499999999932,2023-01-01
TO,14,11,0,1,2,4,28,69,111.04999999999995,178.02499999999986,2023-01-08
TO,15,13,0,1,2,5,33,69,136,227.14999999999918,2023-01-15
TO,16,15,1,1,2,6,37,86,153.04999999999995,253,2023-01-22
TO,17,15,1,1,2,6,38,91.10000000000014,150.04999999999995,233,2023-01-29
TO,18,17,0,1,3,6,43,95,173.0999999999999,272.02499999999986,2023-02-05
TO,19,17,1,1,3,7,42,99,159.04999999999995,269.2749999999985,2023-02-12
TO,20,18,1,2,3,7,44,105.10000000000014,182.04999999999995,299.0499999999997,2023-02-19
TO,21,18,0,1,3,7,44,106,186.04999999999995,293.09999999999945,2023-02-26
TO,22,18,1,2,3,7,45,104.10000000000014,174.0999999999999,294.02499999999986,2023-03-05
TO,23,19,1,1,3,7,44,104,195.04999999999995,306.0749999999996,2023-03-12
TO,24,18,1,1,3,7,43,105,182.19999999999982,304.0749999999996,2023-03-19
TO,25,18,1,1,3,7,44.25,101,178,293.0749999999996,2023-03-26
TO,26,19,1,1,3,8,48,106.10000000000014,170,278,2023-04-02
TO,27,20,1,1.9500000000000028,3,8,49.25,116.10000000000014,190.04999999999995,302.3249999999982,2023-04-09
TO,28,21,1,2,3,9,52.25,123.10000000000014,201.0999999999999,326.1499999999992,2023-04-16
TO,29,22,1,2,4,9,56,122,223.14999999999986,395.02499999999986,2023-04-23
TO,30,23,1,2,4,9,55,138,240.0999999999999,352.24999999999864,2023-04-30
TO,31,22,1,2,4,10,58,139.10000000000014,220.0999999999999,431.02499999999986,2023-05-07
TO,32,21,1,2,3,8,52,126.10000000000014,221.04999999999995,346.72499999999604,2023-05-14
TO,33,20,1,2,3,8,47,114,210,323.3499999999981,2023-05-21
TO,34,19,1,1,3,8,46,105,199,321.09999999999945,2023-05-28
TO,35,17,0,1,3,7,41,90,152.04999999999995,246.09999999999945,2023-06-04
TO,36,16,0,1,2,6,39,89,166.19999999999982,270.02499999999986,2023-06-11
TO,37,13,0,1,2,5,33,79.10000000000014,130,211,2023-06-18
TO,38,11,0,1,2,4,29,72,126,181,2023-06-25
TO,39,10,0,0,1,3,24,55,96,185,2023-07-02
TO,40,8,0,0,1,3,20,49,93,164.09999999999945,2023-07-09
TO,41,7,0,0,1,2.75,17,44,76,115.02499999999986,2023-07-16
TO,42,6,0,0,0,2,16,41,66,118.07499999999959,2023-07-23
TO,43,6,0,0,1,2,13,33,60,94.09999999999945,2023-07-30
TO,44,4,0,0,0,1,12,29.100000000000136,57,85.02499999999986,2023-08-06
TO,45,4,0,0,0,1,11,26,46,80,2023-08-13
TO,46,4,0,0,0,1,9,22,41,73,2023-08-20
TO,47,3,0,0,0,1,10,23,39,67.02499999999986,2023-08-27
TO,48,3,0,0,0,1,8,18,33,52.024999999999864,2023-09-03
TO,49,3,0,0,0,1,8,18,34,53,2023-09-10
TO,50,3,0,0,0,1,7,18,33.049999999999955,56.024999999999864,2023-09-17
TO,51,3,0,0,0,1,7,16,27,47.024999999999864,2023-09-24
TO,52,2,0,0,0,1,7,17,30,45.024999999999864,2023-10-01
BR,1,1189.5,454.92499999999995,509.90000000000003,595.9,790,2022.25,3817.8000000000025,6658.949999999999,11511.175,2022-10-09
BR,2,1164.5,434.975,504.9,585,796,1961.5,3816.600000000001,6446.7999999999975,10431.749999999925,2022-10-16
BR,3,1131,423.975,482,582.9000000000001,765.75,1945,3751.500000000001,6458.299999999994,10956.474999999975,2022-10-23
BR,4,1104,415.975,470,560.9,733.75,1917.5,3601.0000000000027,6001.699999999999,11372.374999999996,2022-10-30
BR,5,1116,419,482,554.9000000000001,741,1883,3764.2000000000003,6110.749999999998,9964.674999999876,2022-11-06
BR,6,1108.5,409.95,469.85,540,746.75,1917.25,3626.9000000000055,6046.9,10427.099999999995,2022-11-13
BR,7,1070,418.975,478,543,732,1927.25,3727.2000000000007,6294.749999999996,10713.699999999953,2022-11-20
BR,8,1090.5,414,472,556,742.75,1876.5,3774.2000000000003,6359.15,10599.749999999996,2022-11-27
BR,9,1115,430.875,477.95000000000005,556.9,738,1860.5,3784,6045.549999999999,9523.175,2022-12-04
BR,10,1117.5,427,488.95,564,743,1933.25,3749.0000000000014,6030.200000000001,9519.674999999985,2022-12-11
BR,11,1146,451.95,506.85,580.9,774.75,1902,3794.800000000001,6213.549999999996,9906.874999999989,2022-12-18
BR,12,1226.5,478.97499999999997,526.9,602.8000000000001,812,2002.25,3851.0000000000014,6397.199999999999,10849.424999999992,2022-12-25
BR,13,1312,513.925,576.95,677.9000000000001,878.75,2237.25,4366.100000000003,6670.149999999996,11238.424999999988,2023-01-01
BR,14,1467.5,600.925,670.9499999999999,768,1000.75,2427,4515.800000000001,7527.649999999997,11566.524999999943,2023-01-08
BR,15,1616.5,663.95,742,850,1121.75,2787.5,5283.4000000000005,9087.499999999998,13776.349999999988,2023-01-15
BR,16,1825,751.825,824.95,931.9,1234,3033.25,5805.700000000004,9500.749999999995,15541.574999999992,2023-01-22
BR,17,2019,825.975,935,1068.8,1391,3426.5,6566.300000000003,11309.749999999998,17396.124999999993,2023-01-29
BR,18,2235,896.7,1028.95,1185.8,1549.25,3806.25,7011.900000000007,12177.349999999997,19195.924999999996,2023-02-05
BR,19,2558,1025.925,1156,1327,1728.75,4042,8144.500000000002,12855.29999999999,20847.824999999997,2023-02-12
BR,20,2817.5,1151.95,1276,1446.8999999999999,1920.5,4762.25,8654.900000000005,13817.75,23333.249999999993,2023-02-19
BR,21,3053,1237.95,1406.8999999999999,1611.8000000000002,2083.5,5157.25,9643.7,14956.349999999995,24915.424999999977,2023-02-26
BR,22,3335,1345,1509.9,1735,2280.5,5639.25,10999.900000000005,18437.05,28850.22499999999,2023-03-05
BR,23,3725,1487.85,1626,1888.9,2510.75,6245.75,11954,20140.9,31105.77499999994,2023-03-12
BR,24,3778.5,1551.725,1724,2004.9,2645.75,6457.5,12272.000000000005,20029.899999999998,31779.92499999998,2023-03-19
BR,25,4114.5,1694.9750000000001,1861.95,2098.9,2786.25,6984,13092.6,22358.999999999993,34554.54999999991,2023-03-26
BR,26,4386.5,1728.975,1961.9,2207.9,2980.5,7505.25,14223.700000000013,21996.399999999994,34055.72499999999,2023-04-02
BR,27,4535,1790.95,1978.8,2260.7,3028.25,7753.5,14542.400000000003,23889.04999999999,35747.24999999999,2023-04-09
BR,28,4808,1910.7749999999999,2090,2451.7,3157,8137,14972.90000000001,23302.649999999998,35593.34999999986,2023-04-16
BR,29,4913,1913.75,2152.65,2460.7000000000003,3330,7964,15650.400000000009,26162.649999999987,44236.17499999998,2023-04-23
BR,30,5099,1953.675,2208.75,2607.6,3452.5,8820.5,17041.9,26031.499999999996,41444.54999999992,2023-04-30
BR,31,5121,1921.9750000000001,2166.8999999999996,2535.8999999999996,3391,8585.25,15972.900000000009,25350.149999999972,42796.499999999985,2023-05-07
BR,32,5052.5,1902.7,2144.8,2484.7,3365.5,8453.5,15765.600000000004,25878.249999999967,42839.94999999996,2023-05-14
BR,33,4817,1884,2147.65,2496.9,3242,8118.75,14806.900000000001,24687.749999999993,40601.99999999998,2023-05-21
BR,34,4556.5,1780.9750000000001,1969,2355.4,3121.5,7714.5,14653.7,23332.35,38723.57499999995,2023-05-28
BR,35,4388,1685.9,1905.95,2264.9,2923.75,7248.5,13193.100000000013,21597.199999999997,35796.399999999994,2023-06-04
BR,36,4047,1554.95,1790,2061,2754.75,6885.75,12253.000000000004,22206.599999999988,35012.849999999926,2023-06-11
BR,37,3756,1437.85,1631.85,1910,2555.75,6349.5,11208.800000000001,18627.749999999996,30664.29999999989,2023-06-18
BR,38,3576,1349.925,1558.95,1809.8,2422.25,5808.25,10603,16530.94999999999,29060.024999999914,2023-06-25
BR,39,3313.5,1265,1446.6000000000001,1695.9,2250,5557.25,10352.800000000001,16754.05,25938.949999999986,2023-07-02
BR,40,3064,1151.975,1348,1560.6000000000001,2119.75,5043,9481.900000000003,14878.649999999998,24774.17499999999,2023-07-09
BR,41,2824,1087.75,1217.8500000000001,1397.4,1925.75,4660.75,7970.500000000006,13244.599999999995,22971.124999999927,2023-07-16
BR,42,2569.5,963,1086.95,1300,1750.75,4339,7979.1,13579.849999999988,20791.574999999983,2023-07-23
BR,43,2467.5,905.8,1028.55,1219.8,1672,4128,7788.200000000003,12648.299999999997,19003.47499999999,2023-07-30
BR,44,2196.5,828.975,929,1091.7,1473,3671.5,6814.100000000009,11225.349999999995,17175.799999999974,2023-08-06
BR,45,2039,784.975,887.95,1026.9,1397.25,3523.25,6108.200000000002,9380.849999999999,13828.224999999995,2023-08-13
BR,46,1871,706.7249999999999,811,968,1280.75,3231,5930.0999999999995,9543.249999999996,15950.099999999988,2023-08-20
BR,47,1696.5,648.9749999999999,738.95,878.9000000000001,1177,2866.5,5568.100000000008,8801.249999999998,14208.67499999996,2023-08-27
BR,48,1600.5,577.975,685.45,802,1063.75,2636.25,5252.000000000009,8237.849999999999,13963.249999999987,2023-09-03
BR,49,1474,538.975,628.9,741,1002.75,2441.25,4464,6992.899999999996,11771.199999999939,2023-09-10
BR,50,1352.5,499.97499999999997,573,680,909,2309.75,4055.4000000000005,6648.599999999997,10858.649999999998,2023-09-17
BR,51,1253.5,474.925,545.9,650,860,2099.5,3874.3000000000015,6174.499999999997,10267.424999999987,2023-09-24
BR,52,1211,446.92499999999995,506,605.9000000000001,807,1983,3592.7000000000007,5899.949999999999,9387.47499999996,2023-10-01
